team_id,school,mascot,display_name,abbreviation,conference,conference_group_id,is_power,games_played,wins,points_for,points_against,losses,win_pct,points_per_game,points_allowed_per_game,point_margin_per_game,games_scheduled,opponent_win_pct,fumbles_lost,completion_pct,interceptions_thrown,pass_yards_per_game,passer_rating,rush_yards_per_game,yards_per_carry,sacks,tackles_for_loss,total_tackles,interceptions_caught,season,espn_school,institution_name,state,classification,sector,football_revenue,dept_total_revenue,football_expenses,football_spend_per_player,football_nonoperating_spend,football_operating_expenses,football_opexp_per_participant,mens_coaching_payroll,avg_head_coach_salary_men,avg_asst_coach_salary_men,recruiting_expenses_men,dept_total_expenses,football_net,football_participants,football_head_coaches,football_assistant_coaches,money_report_year,money_lag_years,head_coach_pay,head_coach_buyout,head_coach,head_coach_pay_confidence,revshare_cap,football_allocation_est,roster_payroll_est,talent_composite,log_football_revenue,log_dept_total_revenue,football_share_of_dept,spend_to_revenue_ratio,relative_spend,log_relative_spend
2390,Miami,Hurricanes,Miami Hurricanes,MIA,ACC,1,True,5,5,248.0,49.0,0,1.0,49.6,9.8,39.8,12,0.6000000000000001,0.0,83.0,1.0,334.4,207.35849,220.4,6.2,16.0,26.0,257.0,3.0,2026,Miami,University of Miami,FL,NCAA Division I-FBS,"Private nonprofit, 4-year or above",99864288.0,230484608.0,88117956.0,693842.1732283465,80740540.0,7377416.0,58090.0,22844809.0,2047089.0,422491.0,5481010.0,230484608.0,11746332.0,127.0,1.0,10.0,2025.0,2.0,,,Mario Cristobal,unverified,21320000.0,,,885.94,7.999410209974217,8.36264192806031,0.43327964008772335,0.8823770515441917,2.0631929545992427,0.31453984610162594
61,Georgia,Bulldogs,Georgia Bulldogs,UGA,SEC,8,True,5,5,257.0,67.0,0,1.0,51.4,13.4,38.0,12,0.425,0.0,71.0,1.0,265.8,188.50087,213.0,6.5,13.0,27.0,270.0,4.0,2026,Georgia,University of Georgia,GA,NCAA Division I-FBS,"Public, 4-year or above",149285887.0,233526965.0,71107704.0,526723.7333333333,58522771.0,12584933.0,93222.0,35180808.0,2800198.0,502562.0,3856269.0,226736834.0,78178183.0,135.0,1.0,10.0,2025.0,2.0,13282580.0,105107583.0,Kirby Smart,high,21320000.0,,,1003.67,8.174018752884228,8.368337035114411,0.6392661635456103,0.47631899725390653,1.2249887900259298,0.08813211445389281
84,Indiana,Hoosiers,Indiana Hoosiers,IU,Big Ten,5,True,5,5,221.0,54.0,0,1.0,44.2,10.8,33.400000000000006,12,0.4375,0.0,70.4,0.0,237.0,205.7026,252.6,6.4,15.0,32.0,287.0,3.0,2026,Indiana,Indiana University-Bloomington,IN,NCAA Division I-FBS,"Public, 4-year or above",80906601.0,182095778.0,50207544.0,440417.05263157893,38937247.0,11270297.0,98862.0,25362194.0,1384424.0,274237.0,1939740.0,159331697.0,30699057.0,114.0,1.0,15.0,2025.0,2.0,8300000.0,56700000.0,Curt Cignetti,high,,,,,7.907983956234332,8.260299876533201,0.44430794545933955,0.6205617759173939,0.9464238964025131,-0.023914302673523267
254,Utah,Utes,Utah Utes,UTAH,Big 12,4,True,4,4,173.0,41.0,0,1.0,43.25,10.25,33.0,12,0.4000000000000001,0.0,67.8,1.0,265.5,172.5627,225.8,5.9,11.0,17.0,230.0,5.0,2026,Utah,University of Utah,UT,NCAA Division I-FBS,"Public, 4-year or above",95930953.0,125167576.0,41410554.0,328655.1904761905,34663631.0,6746923.0,53547.0,20568910.0,1118270.0,375160.0,1747609.0,118667209.0,54520399.0,126.0,1.0,10.0,2025.0,2.0,,,Morgan Scalley,medium,,,,,7.98195875887199,8.0974918417498,0.7664201550088339,0.4316704119472263,1.0827559910367515,0.03453059541920042
256,James Madison,Dukes,James Madison Dukes,JMU,Sun Belt,37,False,5,5,224.0,66.0,0,1.0,44.8,13.2,31.6,12,0.5,0.0,65.5,1.0,233.4,160.88622,221.4,6.0,15.0,26.0,336.0,5.0,2026,James Madison,James Madison University,VA,NCAA Division I-FCS,"Public, 4-year or above",16863959.0,68384574.0,16863958.0,139371.55371900825,14205148.0,2658810.0,21974.0,5257094.0,362321.0,162272.0,664261.0,68384574.0,1.0,121.0,1.0,10.0,2025.0,2.0,,,,,,,,,7.2269595376681615,7.8349581458394155,0.24660472404200398,0.9999999407019431,1.3201214398894114,0.12061388442398194
158,Nebraska,Cornhuskers,Nebraska Cornhuskers,NEB,Big Ten,5,True,5,5,218.0,71.0,0,1.0,43.6,14.2,29.4,12,0.4,0.0,66.0,2.0,244.6,158.53537,231.0,5.8,16.0,30.0,263.0,6.0,2026,Nebraska,University of Nebraska-Lincoln,NE,NCAA Division I-FBS,"Public, 4-year or above",122283973.0,205807522.0,70574668.0,455320.43870967743,60482369.0,10092299.0,65112.0,26626950.0,1742862.0,294978.0,2399346.0,198462402.0,51709305.0,155.0,1.0,23.0,2025.0,2.0,8500000.0,49612500.0,Matt Rhule,high,,,,,8.08736954048868,8.313461243620749,0.5941666845393533,0.5771375125340423,1.3303489267643476,0.12396556359406823
87,Notre Dame,Fighting Irish,Notre Dame Fighting Irish,ND,FBS Independents,18,False,5,5,206.0,59.0,0,1.0,41.2,11.8,29.4,12,0.4599999999999999,0.0,70.2,1.0,266.8,181.36597,161.6,4.4,14.0,28.0,248.0,5.0,2026,Notre Dame,University of Notre Dame,IN,NCAA Division I-FBS,"Private nonprofit, 4-year or above",195723436.0,289616198.0,93255797.0,752062.8790322581,54097644.0,39158153.0,315792.0,26164442.0,1078535.0,388883.0,2848525.0,244698449.0,102467639.0,124.0,1.0,17.0,2025.0,2.0,,,Marcus Freeman,unverified,21320000.0,,,953.03,8.291642831361052,8.461822847943933,0.6758027947041829,0.476467197316115,,
333,Alabama,Crimson Tide,Alabama Crimson Tide,ALA,SEC,8,True,5,5,248.0,104.0,0,1.0,49.6,20.8,28.8,12,0.6199999999999999,0.0,71.3,2.0,287.4,184.03117,186.4,4.9,16.0,25.0,308.0,8.0,2026,Alabama,The University of Alabama,AL,NCAA Division I-FBS,"Public, 4-year or above",146325227.0,244551544.0,81502191.0,617440.8409090909,68032862.0,13469329.0,102040.0,24707222.0,1371013.0,521039.0,5296404.0,229908712.0,64823036.0,132.0,1.0,10.0,2025.0,2.0,10250000.0,60843750.0,Kalen DeBoer,high,21320000.0,,,973.53,8.165319206524615,8.388370409126482,0.5983410474807715,0.5569934362719287,1.4040570110033679,0.1473847424529667
26,UCLA,Bruins,UCLA Bruins,UCLA,Big Ten,5,True,4,4,179.0,75.0,0,1.0,44.75,18.75,26.0,12,0.4,0.0,61.4,2.0,205.0,138.50931,281.5,7.0,9.0,14.0,248.0,8.0,2026,UCLA,University of California-Los Angeles,CA,NCAA Division I-FBS,"Public, 4-year or above",55205071.0,173429394.0,55205071.0,456240.2561983471,46764133.0,8440938.0,69760.0,20880972.0,1293740.0,256592.0,2762235.0,173429394.0,0.0,121.0,1.0,10.0,2025.0,2.0,3100000.0,,DeShaun Foster,high,,,,,7.741978972768427,8.23912270657811,0.3183143856225433,1.0,1.0406284441437204,0.017295692563122477
150,Duke,Blue Devils,Duke Blue Devils,DUKE,ACC,1,True,4,4,145.0,44.0,0,1.0,36.25,11.0,25.25,12,0.4333333333333333,0.0,61.1,1.0,222.75,156.52,243.5,5.8,11.0,15.0,219.0,1.0,2026,Duke,Duke University,NC,NCAA Division I-FBS,"Private nonprofit, 4-year or above",67356450.0,181607802.0,47363558.0,391434.3636363637,40393331.0,6970227.0,57605.0,18408934.0,867707.0,173807.0,2969104.0,180590186.0,19992892.0,121.0,1.0,10.0,2025.0,2.0,,,Manny Diaz,unverified,,,,,7.8283791897439885,8.259134502184866,0.37088962730797215,0.7031777654552757,1.1089698808986514,0.044919751075088936
221,Pittsburgh,Panthers,Pittsburgh Panthers,PITT,ACC,1,True,5,5,192.0,67.0,0,1.0,38.4,13.4,25.0,12,0.575,0.0,67.0,1.0,316.0,171.06078,162.0,4.7,11.0,23.0,277.0,5.0,2026,Pittsburgh,University of Pittsburgh-Pittsburgh Campus,PA,NCAA Division I-FBS,"Public, 4-year or above",57222645.0,151337808.0,47141722.0,399506.1186440678,37650510.0,9491212.0,80434.0,28372226.0,2293482.0,324154.0,1381007.0,151337808.0,10080923.0,118.0,1.0,14.0,2025.0,2.0,,,Pat Narduzzi,unverified,,,,,7.757567928309437,8.179947439289283,0.3781120247228637,0.8238298317038648,1.1037758149777797,0.04288087393221149
2449,North Dakota State,Bison,North Dakota State Bison,NDSU,Mountain West,17,False,5,5,168.0,49.0,0,1.0,33.6,9.8,23.8,12,0.4875,0.0,64.8,2.0,206.8,151.93443,171.0,4.2,9.0,15.0,269.0,8.0,2026,North Dakota State,North Dakota State University-Main Campus,ND,NCAA Division I-FCS,"Public, 4-year or above",8353482.0,34788259.0,8353482.0,64257.553846153845,6196088.0,2157394.0,16595.0,3522078.0,208145.0,94717.0,299042.0,34212041.0,0.0,130.0,1.0,10.0,2025.0,2.0,,,,,,,,,6.921867541133015,7.5414326947547,0.24012360032159125,1.0,0.6380648616270471,-0.19513517141218878
252,BYU,Cougars,BYU Cougars,BYU,Big 12,4,True,4,4,149.0,57.0,0,1.0,37.25,14.25,23.0,12,0.5333333333333333,0.0,62.9,2.0,179.75,148.7872,235.5,6.1,8.0,21.0,222.0,6.0,2026,BYU,Brigham Young University,UT,NCAA Division I-FBS,"Private nonprofit, 4-year or above",51715899.0,153351328.0,44561032.0,330081.7185185185,37015805.0,7545227.0,55891.0,19488317.0,967356.0,371797.0,2441144.0,136864784.0,7154867.0,135.0,1.0,10.0,2025.0,2.0,,,Kalani Sitake,unverified,,,,,7.71362407861583,8.18568754126128,0.33723802509229006,0.861650534200324,1.1651311007522478,0.06637479500144672
251,Texas,Longhorns,Texas Longhorns,TEX,SEC,8,True,4,4,133.0,53.0,0,1.0,33.25,13.25,20.0,12,0.7,0.0,64.5,3.0,231.25,141.32903,147.3,3.6,15.0,26.0,249.0,3.0,2026,Texas,The University of Texas at Austin,TX,NCAA Division I-FBS,"Public, 4-year or above",171892714.0,343106827.0,70405628.0,596657.8644067796,64405182.0,6000446.0,50851.0,31166050.0,2619784.0,388714.0,4607960.0,277413781.0,101487086.0,118.0,1.0,17.0,2025.0,2.0,10800000.0,60307500.0,Steve Sarkisian,high,21320000.0,,,985.17,8.235257468678583,8.535429359556991,0.5009889062918588,0.40959053098667114,1.2128939651143247,0.08382283517934214
2641,Texas Tech,Red Raiders,Texas Tech Red Raiders,TTU,Big 12,4,True,5,5,174.0,81.0,0,1.0,34.8,16.2,18.6,12,0.5125,0.0,67.3,6.0,227.4,139.49428,179.2,4.7,11.0,23.0,297.0,9.0,2026,Texas Tech,Texas Tech University,TX,NCAA Division I-FBS,"Public, 4-year or above",69872378.0,128777718.0,39745662.0,323135.46341463417,29491079.0,10254583.0,83371.0,21187131.0,1927922.0,291503.0,2109685.0,127895343.0,30126716.0,123.0,1.0,18.0,2025.0,2.0,4554960.0,9940761.0,Joey McGuire,high,,,,,7.844305524057316,8.109840724927649,0.5425812717072684,0.568832250134667,1.0392242916678138,0.016709289733550924
30,USC,Trojans,USC Trojans,USC,Big Ten,5,True,6,5,224.0,153.0,1,0.8333333333333334,37.333333333333336,25.5,11.833333333333336,12,0.6250000000000001,0.0,69.4,4.0,311.66666,166.06912,156.2,4.3,13.0,24.0,292.0,3.0,2026,USC,University of Southern California,CA,NCAA Division I-FBS,"Private nonprofit, 4-year or above",74014972.0,234029848.0,74014972.0,638060.1034482758,68247786.0,5767186.0,49717.0,31106858.0,1935002.0,342296.0,5926680.0,234029848.0,0.0,116.0,1.0,10.0,2025.0,2.0,,,Lincoln Riley,unverified,21320000.0,,,899.0,7.869319579180833,8.36927125055128,0.3162629580479837,1.0,1.395199458319708,0.14463629897552796
167,New Mexico,Lobos,New Mexico Lobos,UNM,Mountain West,17,False,5,4,217.0,53.0,1,0.8,43.4,10.6,32.8,12,0.425,0.0,57.8,1.0,177.4,154.76234,208.8,4.7,16.0,34.0,278.0,12.0,2026,New Mexico,University of New Mexico-Main Campus,NM,NCAA Division I-FBS,"Public, 4-year or above",15266440.0,61160745.0,14730964.0,125905.67521367522,11273352.0,3457612.0,29552.0,6111408.0,368316.0,105496.0,1108203.0,56544018.0,535476.0,117.0,1.0,11.0,2025.0,2.0,,,,,,,,,7.183737775195996,7.78647276692044,0.24961174034096542,0.9649246320687731,1.1251967151294529,0.051228455626797544
194,Ohio State,Buckeyes,Ohio State Buckeyes,OSU,Big Ten,5,True,5,4,211.0,63.0,1,0.8,42.2,12.6,29.6,12,0.5599999999999999,0.0,73.1,4.0,357.0,195.18,157.4,4.3,9.0,20.0,287.0,4.0,2026,Ohio State,Ohio State University-Main Campus,OH,NCAA Division I-FBS,"Public, 4-year or above",160549826.0,295265883.0,92359309.0,757043.5163934426,79299398.0,13059911.0,107048.0,38494954.0,1221950.0,387802.0,2853829.0,295265883.0,68190517.0,122.0,1.0,10.0,2025.0,2.0,12575000.0,70916667.0,Ryan Day,high,21320000.0,,,964.27,8.205609839224971,8.470213268567436,0.5437466203977247,0.575268820285112,1.7409944826782147,0.24079739481279186
99,LSU,Tigers,LSU Tigers,LSU,SEC,8,True,5,4,218.0,76.0,1,0.8,43.6,15.2,28.4,12,0.6125,0.0,62.8,7.0,310.2,143.73999,237.6,5.1,22.0,32.0,279.0,6.0,2026,LSU,Louisiana State University and Agricultural & Mechanical College,LA,NCAA Division I-FBS,"Public, 4-year or above",117563889.0,223457268.0,50738587.0,441205.1043478261,44866952.0,5871635.0,51058.0,32663792.0,2115174.0,491950.0,3697048.0,219649408.0,66825302.0,115.0,1.0,10.0,2025.0,2.0,10175000.0,53293333.0,Brian Kelly,high,21320000.0,,,931.76,8.070273944049982,8.349194484755884,0.5261135162540339,0.43158309436327,0.8740853212860785,-0.058446172908860776
2633,Tennessee,Volunteers,Tennessee Volunteers,TENN,SEC,8,True,5,4,184.0,76.0,1,0.8,36.8,15.2,21.6,12,0.525,0.0,62.9,1.0,174.4,141.39032,240.6,5.3,23.0,36.0,297.0,5.0,2026,Tennessee,The University of Tennessee-Knoxville,TN,NCAA Division I-FBS,"Public, 4-year or above",162539638.0,285364027.0,61240437.0,497889.73170731706,54200409.0,7040028.0,57236.0,33065988.0,2988550.0,328274.0,3734226.0,285364027.0,101299201.0,123.0,1.0,10.0,2025.0,2.0,9000000.0,37500000.0,Josh Heupel,high,21320000.0,,,885.9,8.210959288179348,8.455399225050295,0.5695869928272353,0.37677232306866587,1.0550031093858576,0.023253739621512497
259,Virginia Tech,Hokies,Virginia Tech Hokies,VT,ACC,1,True,5,4,206.0,99.0,1,0.8,41.2,19.8,21.4,12,0.5,0.0,74.3,2.0,314.6,161.91298,155.2,4.0,18.0,39.0,258.0,1.0,2026,Virginia Tech,Virginia Polytechnic Institute and State University,VA,NCAA Division I-FBS,"Public, 4-year or above",79735756.0,151623889.0,37803976.0,304870.77419354836,27255729.0,10548247.0,85067.0,17088075.0,1035137.0,199278.0,2703456.0,148984818.0,41931780.0,124.0,1.0,10.0,2025.0,2.0,4787500.0,,Brent Pry,high,,,,,7.901653116267036,8.180767631662349,0.5258785836841318,0.4741157279552225,0.8851419220282285,-0.05298708974041378
248,Houston,Cougars,Houston Cougars,HOU,Big 12,4,True,5,4,205.0,99.0,1,0.8,41.0,19.8,21.2,12,0.65,0.0,67.8,1.0,253.8,171.16,229.4,5.5,10.0,22.0,239.0,4.0,2026,Houston,University of Houston,TX,NCAA Division I-FBS,"Public, 4-year or above",23271364.0,100162965.0,23271364.0,195557.6806722689,20016853.0,3254511.0,27349.0,16587711.0,2156611.0,263848.0,1169803.0,100162965.0,0.0,119.0,1.0,10.0,2025.0,2.0,4500000.0,10375000.0,Willie Fritz,high,,,,,7.3668218392520295,8.000707171937439,0.2323350152424102,1.0,0.6084731151048349,-0.21575860596236227
239,Baylor,Bears,Baylor Bears,BAY,Big 12,4,True,5,4,174.0,71.0,1,0.8,34.8,14.2,20.6,12,0.5,0.0,59.1,5.0,292.0,137.33861,169.4,4.2,18.0,36.0,304.0,5.0,2026,Baylor,Baylor University,TX,NCAA Division I-FBS,"Private nonprofit, 4-year or above",44260293.0,144126427.0,41050130.0,347882.4576271186,33711788.0,7338342.0,62189.0,22016641.0,2256176.0,273535.0,2563417.0,144126427.0,3210163.0,118.0,1.0,10.0,2025.0,2.0,,,Dave Aranda,unverified,,,,,7.646014284599418,8.158743620286502,0.3070935283783868,0.9274708145289504,1.073332034880226,0.03073409159291323
2247,Georgia State,Panthers,Georgia State Panthers,GAST,Sun Belt,37,False,5,4,197.0,95.0,1,0.8,39.4,19.0,20.4,12,0.2625,0.0,66.9,5.0,259.0,160.95059,209.6,5.3,19.0,30.0,257.0,2.0,2026,Georgia State,Georgia State University,GA,NCAA Division I-FBS,"Public, 4-year or above",12260120.0,39979520.0,12260120.0,103899.32203389832,10186421.0,2073699.0,17574.0,4389514.0,307328.0,74869.0,411874.0,39979520.0,0.0,118.0,1.0,24.0,2025.0,2.0,,,,,,,,,7.088494721004809,7.601837575609944,0.30666000992508163,1.0,0.9597300507755635,-0.017850906486551108
57,Florida,Gators,Florida Gators,FLA,SEC,8,True,5,4,231.0,136.0,1,0.8,46.2,27.2,19.000000000000004,12,0.7375,0.0,71.3,3.0,274.8,170.81693,216.4,5.4,14.0,26.0,317.0,4.0,2026,Florida,University of Florida,FL,NCAA Division I-FBS,"Public, 4-year or above",113351580.0,199237539.0,51766013.0,395160.40458015265,40553368.0,11212645.0,85593.0,25857391.0,2103699.0,327397.0,3380567.0,199237539.0,61585567.0,131.0,1.0,10.0,2025.0,2.0,7470000.0,20428333.0,Billy Napier,high,21320000.0,,,891.07,8.05442757810611,8.299371168648978,0.5689268225703189,0.4566854118839808,0.8917850255625825,-0.04973982439518035
142,Missouri,Tigers,Missouri Tigers,MIZ,SEC,8,True,5,4,188.0,100.0,1,0.8,37.6,20.0,17.6,12,0.65,0.0,66.7,0.0,278.4,171.17921,168.6,4.5,15.0,27.0,357.0,4.0,2026,Missouri,University of Missouri-Columbia,MO,NCAA Division I-FBS,"Public, 4-year or above",53301146.0,181114849.0,49316139.0,404230.6475409836,42015831.0,7300308.0,59839.0,24877790.0,2140163.0,267477.0,2468280.0,181114849.0,3985007.0,122.0,1.0,10.0,2025.0,2.0,9000000.0,42562500.0,Eliah Drinkwitz,high,,,,,7.726736546664955,8.257954058124081,0.2942947322889025,0.9252359977400861,0.8495804820580422,-0.07079547346582886
2649,Toledo,Rockets,Toledo Rockets,TOL,MAC,15,False,5,4,212.0,128.0,1,0.8,42.4,25.6,16.799999999999997,12,0.35,0.0,63.1,2.0,284.6,164.13498,200.4,5.3,10.0,22.0,332.0,3.0,2026,Toledo,University of Toledo,OH,NCAA Division I-FBS,"Public, 4-year or above",12624282.0,39498134.0,12624282.0,103477.7213114754,10973577.0,1650705.0,13530.0,3687234.0,333283.0,93752.0,582785.0,39498134.0,0.0,122.0,1.0,10.0,2025.0,2.0,,,,,,,,,7.101206687202165,7.596576578850624,0.3196171748265374,1.0,1.145845938355519,0.05912622965593876
2294,Iowa,Hawkeyes,Iowa Hawkeyes,IOWA,Big Ten,5,True,5,4,145.0,63.0,1,0.8,29.0,12.6,16.4,12,0.5,0.0,61.3,2.0,210.6,126.51499,180.2,5.9,13.0,19.0,308.0,4.0,2026,Iowa,University of Iowa,IA,NCAA Division I-FBS,"Public, 4-year or above",105190203.0,179990052.0,50894414.0,388506.9770992366,44380298.0,6514116.0,49726.0,22785378.0,1898900.0,438153.0,1549180.0,150892055.0,54295789.0,131.0,1.0,15.0,2025.0,2.0,7175000.0,25729167.0,Kirk Ferentz,high,,,,,8.021975293228653,8.255248502431659,0.5844223157399833,0.4838322633525101,0.9593715558562796,-0.018013161957036145
235,Memphis,Tigers,Memphis Tigers,MEM,American,151,False,5,4,193.0,112.0,1,0.8,38.6,22.4,16.200000000000003,12,0.45,0.0,72.9,4.0,290.8,198.15924,250.4,6.1,12.0,23.0,275.0,5.0,2026,Memphis,University of Memphis,TN,NCAA Division I-FBS,"Public, 4-year or above",22026675.0,65857423.0,22026675.0,133495.0,19688436.0,2338239.0,14171.0,9631813.0,822759.0,154900.0,945475.0,65857423.0,0.0,165.0,1.0,12.0,2025.0,2.0,,,,,,,,,7.342948943898959,7.818604732771633,0.3344600197915427,1.0,1.131842624536513,0.05378604518548064
12,Arizona,Wildcats,Arizona Wildcats,ARIZ,Big 12,4,True,5,4,162.0,83.0,1,0.8,32.4,16.6,15.799999999999995,12,0.5,0.0,72.6,5.0,299.8,161.52646,151.6,4.4,18.0,26.0,295.0,2.0,2026,Arizona,University of Arizona,AZ,NCAA Division I-FBS,"Public, 4-year or above",37795880.0,132661899.0,37795880.0,334476.81415929203,31374437.0,6421443.0,56827.0,18185811.0,979367.0,253284.0,2597121.0,132661899.0,0.0,113.0,1.0,14.0,2025.0,2.0,3400000.0,10650000.0,Brent Brennan,high,,,,,7.577444461456689,8.122746209752032,0.28490380648026153,1.0,0.9882436131259228,-0.005135983757702724
275,Wisconsin,Badgers,Wisconsin Badgers,WIS,Big Ten,5,True,5,4,158.0,83.0,1,0.8,31.6,16.6,15.0,12,0.625,0.0,56.6,5.0,226.4,139.03693,153.0,4.7,7.0,17.0,307.0,3.0,2026,Wisconsin,University of Wisconsin-Madison,WI,NCAA Division I-FBS,"Public, 4-year or above",112319593.0,190503289.0,40903448.0,335274.1639344262,34262903.0,6640545.0,54431.0,25631644.0,1567756.0,237002.0,1725093.0,180525755.0,71416145.0,122.0,1.0,15.0,2025.0,2.0,7825000.0,27493333.0,Luke Fickell,high,,,,,8.050455521084036,8.279902478081036,0.5895939833353744,0.3641701942420678,0.7710395201258516,-0.11292336133592483
135,Minnesota,Golden Gophers,Minnesota Golden Gophers,MINN,Big Ten,5,True,5,4,160.0,90.0,1,0.8,32.0,18.0,14.0,12,0.55,0.0,67.5,4.0,234.2,138.2436,120.4,3.8,14.0,29.0,262.0,4.0,2026,Minnesota,University of Minnesota-Twin Cities,MN,NCAA Division I-FBS,"Public, 4-year or above",101726085.0,156773938.0,45452693.0,388484.5555555555,38047191.0,7405502.0,63295.0,18324561.0,1141273.0,236856.0,2540224.0,146804169.0,56273392.0,117.0,1.0,10.0,2025.0,2.0,7000000.0,26600000.0,P.J. Fleck,high,,,,,8.007432330690474,8.195273867509567,0.6488711471928453,0.44681453139575755,0.8567938477740962,-0.0671236606254937
113,Massachusetts,Minutemen,Massachusetts Minutemen,MASS,MAC,15,False,5,4,159.0,89.0,1,0.8,31.8,17.8,14.0,12,0.3,0.0,73.1,2.0,166.2,158.71153,177.0,5.4,11.0,14.0,350.0,6.0,2026,Massachusetts,University of Massachusetts-Amherst,MA,NCAA Division I-FBS,"Public, 4-year or above",13419026.0,57654295.0,13419026.0,120892.12612612612,11490151.0,1928875.0,17377.0,8634439.0,570256.0,100061.0,909462.0,57654295.0,0.0,111.0,1.0,14.0,2025.0,2.0,,,,,,,,,7.127720994359313,7.760831665929413,0.23274980641077997,1.0,1.2179810652825331,0.08564053681308714
68,Boise State,Broncos,Boise State Broncos,BOIS,Pac-12,9,False,5,4,172.0,103.0,1,0.8,34.4,20.6,13.799999999999995,11,0.5875,0.0,65.9,0.0,211.6,160.6,226.6,5.3,12.0,26.0,247.0,5.0,2026,Boise State,Boise State University,ID,NCAA Division I-FBS,"Public, 4-year or above",55692857.0,89699430.0,25752831.0,220109.66666666663,22293743.0,3459088.0,29565.0,8431282.0,778658.0,197304.0,996917.0,69810118.0,29940026.0,117.0,1.0,10.0,2025.0,2.0,2300000.0,3500000.0,Spencer Danielson,high,,,,,7.7457994974284325,7.952789683304502,0.6208830646972896,0.4624081504743059,1.173345148417426,0.0694257819402782
154,Wake Forest,Demon Deacons,Wake Forest Demon Deacons,WAKE,ACC,1,True,5,4,183.0,115.0,1,0.8,36.6,23.0,13.6,12,0.48,0.0,64.3,1.0,288.0,161.3991,157.0,4.6,14.0,24.0,421.0,2.0,2026,Wake Forest,Wake Forest University,NC,NCAA Division I-FBS,"Private nonprofit, 4-year or above",39399925.0,114628069.0,39399925.0,303076.3461538461,35927339.0,3472586.0,26712.0,16633362.0,1180595.0,288593.0,1453094.0,114628069.0,0.0,130.0,1.0,10.0,2025.0,2.0,,,Jake Dickert,unverified,,,,,7.595495395122093,8.059290976437486,0.34371969574049094,1.0,0.9225094562082055,-0.03502917339871778
2335,Liberty,Flames,Liberty Flames,LIB,Conference USA,12,False,5,4,152.0,89.0,1,0.8,30.4,17.8,12.599999999999998,12,0.4499999999999999,0.0,57.4,0.0,208.6,162.53564,208.2,4.8,10.0,25.0,267.0,5.0,2026,Liberty,Liberty University,VA,NCAA Division I-FBS,"Private nonprofit, 4-year or above",22964576.0,62067210.0,22964576.0,196278.42735042737,19919242.0,3045334.0,26028.0,10968923.0,999825.0,152698.0,1020558.0,62067210.0,0.0,117.0,1.0,10.0,2025.0,2.0,,,,,,,,,7.361058431353758,7.792862223735044,0.36999530025596444,1.0,1.9733426687526998,0.29520250655301766
58,South Florida,Bulls,South Florida Bulls,USF,American,151,False,5,4,133.0,73.0,1,0.8,26.6,14.6,12.000000000000002,12,0.4,0.0,62.7,0.0,183.4,131.87715,160.8,4.7,9.0,30.0,314.0,2.0,2026,South Florida,University of South Florida,FL,NCAA Division I-FBS,"Public, 4-year or above",33352743.0,122093386.0,33352743.0,256559.5615384615,24380665.0,8972078.0,69016.0,8895050.0,613580.0,170370.0,2413138.0,122093386.0,0.0,130.0,1.0,11.0,2025.0,2.0,,,,,,,,,7.523131557016473,8.08669213813404,0.27317403581550276,1.0,1.7138336209442329,0.2339686583029952
2567,SMU,Mustangs,SMU Mustangs,SMU,ACC,1,True,5,4,173.0,115.0,1,0.8,34.6,23.0,11.6,12,0.4125,0.0,75.6,5.0,341.0,183.65767,138.2,4.0,17.0,35.0,273.0,2.0,2026,SMU,Southern Methodist University,TX,NCAA Division I-FBS,"Private nonprofit, 4-year or above",45315587.0,150225313.0,45315587.0,371439.237704918,39124474.0,6191113.0,50747.0,20118653.0,1760723.0,324733.0,2392459.0,150225313.0,0.0,122.0,1.0,10.0,2025.0,2.0,,,Rhett Lashlee,unverified,,,,,7.6562476100425165,8.176743117554846,0.30165080767713226,1.0,1.0610187080591047,0.025723041521705316
278,Fresno State,Bulldogs,Fresno State Bulldogs,FRES,Pac-12,9,False,5,4,139.0,82.0,1,0.8,27.8,16.4,11.400000000000002,12,0.4066666666666666,0.0,66.7,1.0,213.4,143.18256,153.8,4.5,14.0,22.0,315.0,7.0,2026,Fresno State,California State University-Fresno,CA,NCAA Division I-FBS,"Public, 4-year or above",17708178.0,63439685.0,17708178.0,158108.73214285713,14450538.0,3257640.0,29086.0,5710634.0,424078.0,132972.0,917419.0,63439685.0,0.0,112.0,1.0,17.0,2025.0,2.0,,,Matt Entz,medium,,,,,7.248173878792989,7.802361017892438,0.27913407829815046,1.0,0.8068163357889545,-0.09322531711373722
344,Mississippi State,Bulldogs,Mississippi State Bulldogs,MSST,SEC,8,True,5,4,195.0,140.0,1,0.8,39.0,28.0,11.0,12,0.6,0.0,65.7,4.0,309.2,172.48793,177.8,4.8,13.0,20.0,354.0,2.0,2026,Mississippi State,Mississippi State University,MS,NCAA Division I-FBS,"Public, 4-year or above",37575575.0,157301826.0,37575575.0,341596.13636363635,31350427.0,6225148.0,56592.0,19505193.0,1785626.0,303153.0,2319417.0,157301826.0,0.0,110.0,1.0,11.0,2025.0,2.0,4350000.0,11006250.0,Jeff Lebby,high,,,,,7.5749056350983714,8.196733764054445,0.2388756440754858,1.0,0.647323082654709,-0.18887890635943302
2226,Florida Atlantic,Owls,Florida Atlantic Owls,FAU,American,151,False,5,4,186.0,133.0,1,0.8,37.2,26.6,10.6,12,0.3875,0.0,69.7,2.0,304.4,153.5277,116.4,3.2,7.0,18.0,318.0,6.0,2026,Florida Atlantic,Florida Atlantic University,FL,NCAA Division I-FBS,"Public, 4-year or above",19330509.0,49292817.0,19330509.0,168091.38260869565,14910165.0,4420344.0,38438.0,5530040.0,351412.0,129464.0,595514.0,49292817.0,0.0,115.0,1.0,10.0,2025.0,2.0,,,,,,,,,7.286243289775108,7.692783638049166,0.3921567111897865,1.0,0.9932998984270973,-0.0029196089383702437
2132,Cincinnati,Bearcats,Cincinnati Bearcats,CIN,Big 12,4,True,5,4,169.0,116.0,1,0.8,33.8,23.2,10.599999999999998,12,0.5875,0.0,71.8,0.0,196.8,149.9145,230.8,5.9,11.0,21.0,336.0,4.0,2026,Cincinnati,University of Cincinnati-Main Campus,OH,NCAA Division I-FBS,"Public, 4-year or above",30429185.0,119327103.0,30429185.0,253576.54166666663,23866930.0,6562255.0,54685.0,7393614.0,172518.0,192682.0,1549379.0,119327103.0,0.0,120.0,1.0,14.0,2025.0,2.0,3700000.0,12008333.0,Scott Satterfield,high,,,,,7.483290320588771,8.076739097035745,0.25500648415138344,1.0,0.7956276644141408,-0.09929012462562044
309,Louisiana,Ragin' Cajuns,Louisiana Ragin' Cajuns,UL,Sun Belt,37,False,5,4,146.0,97.0,1,0.8,29.2,19.4,9.8,12,0.4583333333333333,0.0,73.9,3.0,179.2,137.44621,199.6,4.6,7.0,22.0,254.0,6.0,2026,Louisiana,University of Louisiana at Lafayette,LA,NCAA Division I-FBS,"Public, 4-year or above",14846554.0,42959075.0,14846554.0,104553.1971830986,11752941.0,3093613.0,21786.0,5226004.0,350334.0,142000.0,501208.0,42959075.0,0.0,142.0,1.0,10.0,2025.0,2.0,,,,,,,,,7.171625662242123,7.633054921510849,0.3455976181982503,1.0,1.1621977618703687,0.06528003475076288
96,Kentucky,Wildcats,Kentucky Wildcats,UK,SEC,8,True,5,4,173.0,134.0,1,0.8,34.6,26.8,7.800000000000001,12,0.65,0.0,67.4,1.0,229.6,158.40834,187.2,5.2,10.0,17.0,330.0,6.0,2026,Kentucky,University of Kentucky,KY,NCAA Division I-FBS,"Public, 4-year or above",43281917.0,186609679.0,43281917.0,354769.81147540984,38910443.0,4371474.0,35832.0,28402132.0,2084324.0,325765.0,2982179.0,186609679.0,0.0,122.0,1.0,14.0,2025.0,2.0,9000000.0,37687500.0,Mark Stoops,high,,,,,7.636306487867563,8.270934165816026,0.23193822116804563,1.0,0.7456275502276479,-0.12747805359024203
2636,UTSA,Roadrunners,UTSA Roadrunners,UTSA,American,151,False,5,4,157.0,131.0,1,0.8,31.4,26.2,5.199999999999999,12,0.4999999999999999,0.0,67.5,2.0,210.8,139.16284,173.8,5.1,6.0,16.0,371.0,5.0,2026,UTSA,The University of Texas at San Antonio,TX,NCAA Division I-FBS,"Public, 4-year or above",17853035.0,54436434.0,17853035.0,151296.90677966102,14160406.0,3692629.0,31293.0,8600615.0,670430.0,199045.0,595857.0,49898232.0,0.0,118.0,1.0,14.0,2025.0,2.0,,,,,,,,,7.251712056398335,7.735889667875034,0.32796114087855205,1.0,0.9173797675020049,-0.037450842315142965
2306,Kansas State,Wildcats,Kansas State Wildcats,KSU,Big 12,4,True,4,3,162.0,61.0,1,0.75,40.5,15.25,25.25,12,0.5,0.0,66.9,2.0,239.5,138.6787,240.8,6.4,12.0,32.0,184.0,0.0,2026,Kansas State,Kansas State University,KS,NCAA Division I-FBS,"Public, 4-year or above",27087822.0,102982919.0,27087822.0,216702.576,20468641.0,6619181.0,52953.0,16318552.0,1912620.0,307066.0,1520250.0,100807499.0,0.0,125.0,1.0,10.0,2025.0,2.0,4100000.0,,Collin Klein,high,,,,,7.432774086930255,8.01276519752837,0.2630321830361014,1.0,0.7082615111750767,-0.14980635828413627
2483,Oregon,Ducks,Oregon Ducks,ORE,Big Ten,5,True,4,3,190.0,93.0,1,0.75,47.5,23.25,24.25,12,0.7944444444444444,0.0,71.7,0.0,346.5,184.20206,159.0,4.6,7.0,11.0,233.0,6.0,2026,Oregon,University of Oregon,OR,NCAA Division I-FBS,"Public, 4-year or above",119584907.0,167129024.0,60847472.0,482916.4444444445,50103671.0,10743801.0,85268.0,27439636.0,2494343.0,479753.0,2857116.0,164742082.0,58737435.0,126.0,1.0,14.0,2025.0,2.0,10400000.0,56733333.0,Dan Lanning,high,21320000.0,,,984.33,8.077676370118578,8.223051876993788,0.7155244740733961,0.508822338257118,1.1469890169589418,0.05955925931629552
197,Oklahoma State,Cowboys,Oklahoma State Cowboys,OKST,Big 12,4,True,4,3,149.0,79.0,1,0.75,37.25,19.75,17.5,12,0.65,0.0,68.7,5.0,327.0,163.59877,221.3,5.4,8.0,19.0,255.0,3.0,2026,Oklahoma State,Oklahoma State University-Main Campus,OK,NCAA Division I-FBS,"Public, 4-year or above",56992244.0,153679234.0,32830617.0,241401.5955882353,27788241.0,5042376.0,37076.0,21380755.0,1772953.0,263826.0,1869738.0,153679234.0,24161627.0,136.0,1.0,11.0,2025.0,2.0,,,Eric Morris,medium,,,,,7.755815757125281,8.186615187158152,0.370851952580659,0.5760541206273612,0.8584175726357832,-0.06630140052412013
77,Northwestern,Wildcats,Northwestern Wildcats,NU,Big Ten,5,True,4,3,132.0,67.0,1,0.75,33.0,16.75,16.25,12,0.6666666666666666,0.0,70.0,0.0,225.0,176.0,212.8,5.2,6.0,12.0,270.0,5.0,2026,Northwestern,Northwestern University,IL,NCAA Division I-FBS,"Private nonprofit, 4-year or above",85587606.0,131779238.0,37901761.0,347722.57798165135,34209135.0,3692626.0,33877.0,15781792.0,1067594.0,201140.0,1863790.0,131779238.0,47685845.0,109.0,1.0,14.0,2025.0,2.0,,,David Braun,unverified,,,,,7.932410878748155,8.119846991955242,0.649477165742907,0.4428417007013843,0.7144570211627324,-0.14602389148220934
2026,App State,Mountaineers,App State Mountaineers,APP,Sun Belt,37,False,4,3,139.0,89.0,1,0.75,34.75,22.25,12.5,12,0.3666666666666667,0.0,72.7,1.0,319.25,162.21384,144.8,4.2,6.0,17.0,247.0,6.0,2026,App State,Appalachian State University,NC,NCAA Division I-FBS,"Public, 4-year or above",13288981.0,44964352.0,13288981.0,108926.0737704918,10977782.0,2311199.0,18944.0,5869891.0,384286.0,142567.0,787385.0,44964352.0,0.0,122.0,1.0,10.0,2025.0,2.0,,,,,,,,,7.123491680487964,7.652868338995956,0.2955448129220232,1.0,1.0402699492244365,0.017146052996604627
2005,Air Force,Falcons,Air Force Falcons,AFA,Mountain West,17,False,4,3,116.0,80.0,1,0.75,29.0,20.0,9.0,12,0.5,0.0,48.9,4.0,93.0,119.32384,297.3,4.7,6.0,11.0,197.0,3.0,2026,,,,,,,,,,,,,,,,,,,,,,,,,,,,,,,,,,,,,
145,Ole Miss,Rebels,Ole Miss Rebels,MISS,SEC,8,True,4,3,142.0,123.0,1,0.75,35.5,30.75,4.75,12,0.5,0.0,69.3,4.0,322.5,151.91489,117.5,4.0,6.0,18.0,279.0,2.0,2026,Ole Miss,University of Mississippi,MS,NCAA Division I-FBS,"Public, 4-year or above",90702621.0,171119339.0,61846036.0,490841.5555555555,52217101.0,9628935.0,76420.0,30179058.0,2969029.0,441603.0,2609171.0,171119339.0,28856585.0,126.0,1.0,13.0,2025.0,2.0,9000000.0,37625000.0,Lane Kiffin,high,21320000.0,,,885.72,7.957619836887996,8.233299093973436,0.5300547648796142,0.6818550039474603,1.0654359028037257,0.027527327446769993
213,Penn State,Nittany Lions,Penn State Nittany Lions,PSU,Big Ten,5,True,5,3,160.0,80.0,2,0.6,32.0,16.0,16.0,12,0.5900000000000001,0.0,62.7,3.0,243.6,148.74,156.4,4.4,7.0,19.0,289.0,5.0,2026,Penn State,Pennsylvania State University-Main Campus,PA,NCAA Division I-FBS,"Public, 4-year or above",150314572.0,254397122.0,77386097.0,595277.6692307693,53986485.0,23399612.0,179997.0,34695852.0,1188906.0,376066.0,3707691.0,231709762.0,72928475.0,130.0,1.0,10.0,2025.0,2.0,8500000.0,48666667.0,James Franklin,high,21320000.0,,,774.04,8.177001084595062,8.405512193821545,0.5908658510688655,0.5148276442552755,1.4587459496151183,0.16397966318384932
258,Virginia,Cavaliers,Virginia Cavaliers,UVA,ACC,1,True,5,3,169.0,90.0,2,0.6,33.8,18.0,15.799999999999995,12,0.55,0.0,66.0,1.0,237.2,170.14668,161.6,3.8,12.0,20.0,327.0,7.0,2026,Virginia,University of Virginia-Main Campus,VA,NCAA Division I-FBS,"Public, 4-year or above",51441991.0,150622194.0,33611796.0,264659.81102362205,27572721.0,6039075.0,47552.0,19935239.0,1022347.0,206891.0,2287698.0,150622194.0,17830195.0,127.0,1.0,10.0,2025.0,2.0,4406000.0,11175000.0,Tony Elliott,high,,,,,7.711317769083741,8.177888969351857,0.34152995407834785,0.6533922063786373,0.7869862607642307,-0.10403284950416901
2116,UCF,Knights,UCF Knights,UCF,Big 12,4,True,5,3,162.0,88.0,2,0.6,32.4,17.6,14.799999999999995,12,0.75,0.0,67.2,3.0,178.2,136.86874,172.6,5.6,11.0,25.0,336.0,6.0,2026,UCF,University of Central Florida,FL,NCAA Division I-FBS,"Public, 4-year or above",30085713.0,108885086.0,38695138.0,322459.48333333334,30936861.0,7758277.0,64652.0,14534178.0,1226225.0,312036.0,1693043.0,103615446.0,-8609425.0,120.0,1.0,10.0,2025.0,2.0,,,,,,,,,7.478360308275617,8.036968398475103,0.2763070141672111,1.2861632363507556,1.011756386874077,0.0050759546256633975
204,Oregon State,Beavers,Oregon State Beavers,ORST,Pac-12,9,False,5,3,185.0,118.0,2,0.6,37.0,23.6,13.4,11,0.6,0.0,69.6,2.0,377.0,172.37999,119.6,4.4,15.0,21.0,353.0,4.0,2026,Oregon State,Oregon State University,OR,NCAA Division I-FBS,"Public, 4-year or above",32621301.0,104767703.0,23847865.0,205585.0431034483,18231138.0,5616727.0,48420.0,11908448.0,918231.0,238297.0,1252955.0,100306447.0,8773436.0,116.0,1.0,10.0,2025.0,2.0,2000000.0,,Trent Bray,medium,,,,,7.513501277545883,8.020227422240858,0.31136791268583985,0.7310519283090519,1.0865514823540658,0.036050308634075795
245,Texas A&M,Aggies,Texas A&M Aggies,TA&M,SEC,8,True,5,3,159.0,93.0,2,0.6,31.8,18.6,13.2,12,0.55,0.0,56.3,5.0,188.8,114.92025,167.4,4.2,5.0,17.0,277.0,4.0,2026,Texas A&M,Texas A&M University-College Station,TX,NCAA Division I-FBS,"Public, 4-year or above",108474281.0,235498020.0,60230146.0,412535.2465753425,48972868.0,11257278.0,77105.0,25566681.0,1912128.0,369145.0,3940030.0,228301283.0,48244135.0,146.0,1.0,10.0,2025.0,2.0,7000000.0,21875000.0,Mike Elko,high,21320000.0,,,933.0,8.035326780176982,8.37198726005647,0.4606165308735929,0.5552481698403698,1.0375985936998486,0.01602937445920647
66,Iowa State,Cyclones,Iowa State Cyclones,ISU,Big 12,4,True,5,3,168.0,106.0,2,0.6,33.6,21.2,12.400000000000002,12,0.65,0.0,59.3,4.0,194.2,140.5234,197.4,5.2,9.0,23.0,290.0,2.0,2026,Iowa State,Iowa State University,IA,NCAA Division I-FBS,"Public, 4-year or above",60744404.0,103899204.0,32337385.0,239536.1851851852,25638315.0,6699070.0,49623.0,17210131.0,1885285.0,338422.0,975628.0,103893160.0,28407019.0,135.0,1.0,10.0,2025.0,2.0,,,Jimmy Rogers,medium,,,,,7.783506275293198,8.01661222032203,0.5846474434972572,0.5323516714395617,0.8455211041902986,-0.0728755479491416
52,Florida State,Seminoles,Florida State Seminoles,FSU,ACC,1,True,5,3,166.0,108.0,2,0.6,33.2,21.6,11.6,12,0.7000000000000001,0.0,61.0,6.0,225.0,147.37965,194.0,5.0,17.0,32.0,297.0,3.0,2026,Florida State,Florida State University,FL,NCAA Division I-FBS,"Public, 4-year or above",83469718.0,192717172.0,83267924.0,671515.5161290322,73897792.0,9370132.0,75566.0,23330208.0,1816901.0,461387.0,1894040.0,192717172.0,201794.0,124.0,1.0,14.0,2025.0,2.0,5650000.0,58667708.0,Mike Norvell,high,21320000.0,,,800.2,7.921528946252521,8.284920414046088,0.4331202929856194,0.9975824286359755,1.9496343530812859,0.28995316862957954
152,NC State,Wolfpack,NC State Wolfpack,NCSU,ACC,1,True,5,3,184.0,128.0,2,0.6,36.8,25.6,11.199999999999996,12,0.5875,0.0,66.3,4.0,260.8,146.72086,199.2,5.0,7.0,14.0,289.0,3.0,2026,NC State,North Carolina State University at Raleigh,NC,NCAA Division I-FBS,"Public, 4-year or above",69756644.0,135830733.0,40535367.0,324282.936,36578064.0,3957303.0,31658.0,20560305.0,1123916.0,227345.0,2775789.0,129009673.0,29221277.0,125.0,1.0,10.0,2025.0,2.0,6215377.0,13129456.0,Dave Doeren,high,,,,,7.843585578470658,8.132998044335027,0.5135556766818007,0.5810968629740846,0.9490946840221152,-0.022690459124754467
277,West Virginia,Mountaineers,West Virginia Mountaineers,WVU,Big 12,4,True,5,3,187.0,144.0,2,0.6,37.4,28.8,8.599999999999998,12,0.5375,0.0,56.8,1.0,178.0,169.44,294.0,5.5,12.0,22.0,351.0,3.0,2026,West Virginia,West Virginia University,WV,NCAA Division I-FBS,"Public, 4-year or above",47642113.0,117413366.0,35250569.0,277563.53543307085,31167444.0,4083125.0,32151.0,7371433.0,239357.0,149893.0,1774645.0,117413366.0,12391544.0,127.0,1.0,18.0,2025.0,2.0,3600000.0,7645833.0,Rich Rodriguez,high,,,,,7.677991014857131,8.069717538560939,0.4057639655778202,0.7399035596930807,0.9216917207194183,-0.035414313629788585
264,Washington,Huskies,Washington Huskies,WASH,Big Ten,5,True,5,3,133.0,92.0,2,0.6,26.6,18.4,8.200000000000003,12,0.5083333333333334,0.0,67.7,3.0,271.4,151.90047,109.0,3.7,10.0,29.0,279.0,7.0,2026,Washington,University of Washington-Seattle Campus,WA,NCAA Division I-FBS,"Public, 4-year or above",121018946.0,178415083.0,68921774.0,604576.9649122807,48375718.0,20546056.0,180229.0,23297260.0,1588019.0,294253.0,2632449.0,174834634.0,52097172.0,114.0,1.0,10.0,2025.0,2.0,7575024.0,33686666.0,Jedd Fisch,high,21320000.0,,,777.63,8.082853366177162,8.251431566333705,0.6782999731026104,0.5695122646333409,1.2991914899492678,0.11367316716174129
249,North Texas,Mean Green,North Texas Mean Green,UNT,American,151,False,5,3,203.0,165.0,2,0.6,40.6,33.0,7.600000000000001,12,0.65,0.0,72.4,4.0,340.0,168.83844,184.6,4.9,9.0,18.0,317.0,3.0,2026,North Texas,University of North Texas,TX,NCAA Division I-FBS,"Public, 4-year or above",15382425.0,58119360.0,15382425.0,93226.81818181818,10631325.0,4751100.0,28795.0,6469230.0,676527.0,163614.0,682731.0,58119360.0,0.0,165.0,1.0,11.0,2025.0,2.0,,,,,,,,,7.187024806278152,7.764320823279136,0.2646695524520573,1.0,0.7904272562125727,-0.10213809243532611
130,Michigan,Wolverines,Michigan Wolverines,MICH,Big Ten,5,True,5,3,115.0,79.0,2,0.6,23.0,15.8,7.199999999999999,12,0.5800000000000001,0.0,59.0,4.0,180.8,133.80307,135.0,3.8,12.0,26.0,306.0,4.0,2026,Michigan,University of Michigan-Ann Arbor,MI,NCAA Division I-FBS,"Public, 4-year or above",175299592.0,236376759.0,61663186.0,443620.0431654676,52795760.0,8867426.0,63794.0,28526320.0,1002368.0,273456.0,4902622.0,222088909.0,113636406.0,139.0,1.0,13.0,2025.0,2.0,6110000.0,13897916.0,Sherrone Moore,high,21320000.0,,,890.02,8.243780905298845,8.373604773671822,0.7416109466159488,0.35175886775595006,1.1623654158170513,0.06534267979714295
202,Tulsa,Golden Hurricane,Tulsa Golden Hurricane,TLSA,American,151,False,5,3,139.0,106.0,2,0.6,27.8,21.2,6.600000000000001,12,0.5,0.0,58.2,1.0,180.8,119.50026,173.4,4.9,14.0,22.0,387.0,6.0,2026,Tulsa,University of Tulsa,OK,NCAA Division I-FBS,"Private nonprofit, 4-year or above",20723869.0,59760481.0,20723869.0,160650.1472868217,18242190.0,2481679.0,19238.0,5733869.0,332523.0,106444.0,588112.0,59760481.0,0.0,129.0,1.0,10.0,2025.0,2.0,,,,,,,,,7.316470838355628,7.7764140843696765,0.3467821652908048,1.0,1.064897824093327,0.027307939642150662
55,Jacksonville State,Gamecocks,Jacksonville State Gamecocks,JXST,Conference USA,12,False,5,3,137.0,109.0,2,0.6,27.4,21.8,5.599999999999998,12,0.6,0.0,70.0,4.0,231.6,161.40614,160.8,4.7,10.0,26.0,335.0,4.0,2026,Jacksonville State,Jacksonville State University,AL,NCAA Division I-FBS,"Public, 4-year or above",14998859.0,34639572.0,14998859.0,94929.48734177215,13657316.0,1341543.0,8491.0,3402489.0,273617.0,92673.0,498790.0,34639572.0,0.0,158.0,1.0,10.0,2025.0,2.0,,,,,,,,,7.176058222465584,7.539572517317983,0.43299781533097464,1.0,1.2888497678905741,0.1102022976648433
2,Auburn,Tigers,Auburn Tigers,AUB,SEC,8,True,5,3,134.0,107.0,2,0.6,26.8,21.4,5.400000000000002,12,0.65,0.0,65.2,7.0,219.8,128.97755,180.0,4.8,14.0,31.0,322.0,6.0,2026,Auburn,Auburn University,AL,NCAA Division I-FBS,"Public, 4-year or above",121408732.0,205275913.0,58724402.0,485325.6363636363,51965876.0,6758526.0,55856.0,28478204.0,2354276.0,363584.0,3179194.0,195930163.0,62684330.0,121.0,1.0,10.0,2025.0,2.0,6734500.0,15437500.0,Hugh Freeze,high,,,,,8.08424992333758,8.312337992405674,0.5914416856107224,0.48369174961814115,1.0116587951001244,0.005034061524022895
2711,Western Michigan,Broncos,Western Michigan Broncos,WMU,MAC,15,False,5,3,116.0,97.0,2,0.6,23.2,19.4,3.8000000000000007,12,0.5,0.0,67.5,1.0,158.6,135.09,145.0,4.1,8.0,11.0,365.0,1.0,2026,Western Michigan,Western Michigan University,MI,NCAA Division I-FBS,"Public, 4-year or above",11409469.0,43722663.0,11409469.0,100968.7522123894,8911277.0,2498192.0,22108.0,4476609.0,366042.0,78633.0,733315.0,43722663.0,0.0,113.0,1.0,15.0,2025.0,2.0,,,,,,,,,7.057265432697255,7.640706605495976,0.26095091691921873,1.0,1.035583149397582,0.015184975151029307
6,South Alabama,Jaguars,South Alabama Jaguars,USA,Sun Belt,37,False,5,3,177.0,158.0,2,0.6,35.4,31.6,3.799999999999997,12,0.475,0.0,63.8,2.0,245.8,155.14381,205.2,4.5,8.0,13.0,271.0,4.0,2026,South Alabama,University of South Alabama,AL,NCAA Division I-FBS,"Public, 4-year or above",13486171.0,32559740.0,13932976.0,114204.7213114754,11927974.0,2005002.0,16434.0,4425339.0,249783.0,69345.0,582805.0,32559740.0,-446805.0,122.0,1.0,13.0,2025.0,2.0,,,,,,,,,7.129888662079876,7.5126809282498375,0.41419774850781976,1.0331306046764497,1.0906822905432172,0.037698261533998155
2439,UNLV,Rebels,UNLV Rebels,UNLV,Mountain West,17,False,5,3,125.0,118.0,2,0.6,25.0,23.6,1.3999999999999986,12,0.44,0.0,56.7,2.0,214.4,136.4634,178.2,4.6,14.0,22.0,296.0,5.0,2026,UNLV,University of Nevada-Las Vegas,NV,NCAA Division I-FBS,"Public, 4-year or above",24707431.0,77272658.0,20854643.0,184554.3628318584,15659156.0,5195487.0,45978.0,4593271.0,186964.0,121649.0,1516473.0,74767674.0,3852788.0,113.0,1.0,10.0,2025.0,2.0,,,,,,,,,7.392827591192221,7.888025851223664,0.31974351134653606,0.8440635936613564,1.5929423083782868,0.20220004723448487
5,UAB,Blazers,UAB Blazers,UAB,American,151,False,5,3,120.0,117.0,2,0.6,24.0,23.4,0.6000000000000014,12,0.3625,0.0,55.8,4.0,160.8,120.121414,179.6,4.2,12.0,22.0,288.0,4.0,2026,UAB,University of Alabama at Birmingham,AL,NCAA Division I-FBS,"Public, 4-year or above",14442335.0,43889337.0,13162064.0,109683.86666666668,11032459.0,2129605.0,17747.0,5603347.0,510534.0,110441.0,515346.0,40789883.0,1280271.0,120.0,1.0,10.0,2025.0,2.0,,,,,,,,,7.15963741453792,7.642359020366133,0.3290625009897051,0.9113529079612126,0.6763338117113705,-0.16983890050514097
238,Vanderbilt,Commodores,Vanderbilt Commodores,VAN,SEC,8,True,5,3,127.0,125.0,2,0.6,25.4,25.0,0.3999999999999986,12,0.65,0.0,61.1,4.0,226.4,130.61383,123.0,3.7,14.0,20.0,289.0,4.0,2026,Vanderbilt,Vanderbilt University,TN,NCAA Division I-FBS,"Private nonprofit, 4-year or above",44124525.0,146388389.0,44124525.0,380383.8362068966,38455463.0,5669062.0,48871.0,22997448.0,2191976.0,410233.0,2075726.0,146388389.0,0.0,116.0,1.0,10.0,2025.0,2.0,,,Clark Lea,unverified,,,,,7.644680043245981,8.165506631413601,0.3014209344157753,1.0,0.7601433522620684,-0.11910449821182362
195,Ohio,Bobcats,Ohio Bobcats,OHIO,MAC,15,False,5,3,134.0,134.0,2,0.6,26.8,26.8,0.0,12,0.65,0.0,60.2,3.0,157.8,131.05627,187.8,4.8,6.0,25.0,304.0,2.0,2026,Ohio,Ohio University-Main Campus,OH,NCAA Division I-FBS,"Public, 4-year or above",10812487.0,33031821.0,10812487.0,79503.58088235294,8377421.0,2435066.0,17905.0,3959670.0,314847.0,79638.0,484229.0,33031821.0,0.0,136.0,1.0,14.0,2025.0,2.0,,,,,,,,,7.0339255983150295,7.518932516423836,0.32733548053557204,1.0,0.9813979371240164,-0.008154859231196781
23,San José State,Spartans,San José State Spartans,SJSU,Mountain West,17,False,5,3,113.0,125.0,2,0.6,22.6,25.0,-2.3999999999999986,13,0.5833333333333335,0.0,61.3,5.0,255.6,138.64265,132.6,3.9,10.0,17.0,303.0,6.0,2026,San José State,San Jose State University,CA,NCAA Division I-FBS,"Public, 4-year or above",11937986.0,42944067.0,11937986.0,115902.77669902911,9717107.0,2220879.0,21562.0,4848680.0,213056.0,124344.0,359403.0,42944067.0,0.0,103.0,1.0,14.0,2025.0,2.0,,,,,,,,,7.076931065247035,7.632903171726174,0.27798918067075484,1.0,0.9118603936891976,-0.040071647298168575
228,Clemson,Tigers,Clemson Tigers,CLEM,ACC,1,True,5,3,97.0,129.0,2,0.6,19.4,25.8,-6.400000000000002,12,0.62,0.0,63.4,5.0,183.6,111.51373,137.6,3.8,10.0,14.0,346.0,4.0,2026,Clemson,Clemson University,SC,NCAA Division I-FBS,"Public, 4-year or above",86902571.0,186106774.0,81136726.0,592238.8759124088,71855825.0,9280901.0,67744.0,29089139.0,1925461.0,487841.0,3911594.0,186106774.0,5765845.0,137.0,1.0,11.0,2025.0,2.0,11447025.0,60000000.0,Dabo Swinney,high,21320000.0,,,862.85,7.939032625178195,8.269762181068861,0.46695006921134424,0.9336516177409757,1.899734504082791,0.278692910706247
2117,Central Michigan,Chippewas,Central Michigan Chippewas,CMU,MAC,15,False,5,3,88.0,127.0,2,0.6,17.6,25.4,-7.799999999999997,12,0.6000000000000001,0.0,57.5,4.0,84.8,97.04621,202.2,5.0,8.0,12.0,325.0,6.0,2026,Central Michigan,Central Michigan University,MI,NCAA Division I-FBS,"Public, 4-year or above",11608428.0,38536340.0,11608428.0,95151.04918032789,9884979.0,1723449.0,14127.0,4681287.0,325995.0,129777.0,404366.0,38536340.0,0.0,122.0,1.0,14.0,2025.0,2.0,,,,,,,,,7.064773412059898,7.585870465034436,0.3012332774726401,1.0,1.0536417100388349,0.022692954513671544
276,Marshall,Thundering Herd,Marshall Thundering Herd,MRSH,Sun Belt,37,False,5,3,111.0,175.0,2,0.6,22.2,35.0,-12.8,12,0.5625,0.0,63.7,4.0,240.6,131.16571,146.2,4.2,4.0,9.0,320.0,2.0,2026,Marshall,Marshall University,WV,NCAA Division I-FBS,"Public, 4-year or above",13569649.0,47042862.0,13569649.0,114997.02542372882,9999898.0,3569751.0,30252.0,4632992.0,331664.0,110064.0,608896.0,47042862.0,0.0,118.0,1.0,10.0,2025.0,2.0,,,,,,,,,7.132568614105232,7.672493735538257,0.28845287941877346,1.0,1.0622408201368807,0.026222986613871103
2305,Kansas,Jayhawks,Kansas Jayhawks,KU,Big 12,4,True,4,2,144.0,68.0,2,0.5,36.0,17.0,19.0,12,0.5666666666666668,0.0,57.0,3.0,242.75,140.56842,254.0,5.5,6.0,22.0,188.0,0.0,2026,Kansas,University of Kansas,KS,NCAA Division I-FBS,"Public, 4-year or above",37107691.0,173669277.0,34516494.0,282922.08196721313,26235105.0,8281389.0,67880.0,14583079.0,1176779.0,334584.0,1778686.0,159866627.0,2591197.0,122.0,1.0,10.0,2025.0,2.0,6650000.0,22930000.0,Lance Leipold,high,,,,,7.569463931520518,8.239722996285291,0.21366871355144756,0.9301708909886094,0.9024979638785825,-0.044553769230940045
349,Army,Black Knights,Army Black Knights,ARMY,American,151,False,4,2,133.0,79.0,2,0.5,33.25,19.75,13.5,12,0.5666666666666668,0.0,59.3,1.0,98.5,135.15332,334.3,6.4,3.0,5.0,216.0,0.0,2026,,,,,,,,,,,,,,,,,,,,,,,,,,,,,,,,,,,,,
183,Syracuse,Orange,Syracuse Orange,SYR,ACC,1,True,4,2,139.0,92.0,2,0.5,34.75,23.0,11.75,12,0.6,0.0,61.3,7.0,285.25,135.75032,166.5,4.0,11.0,20.0,251.0,2.0,2026,Syracuse,Syracuse University,NY,NCAA Division I-FBS,"Private nonprofit, 4-year or above",64585287.0,120839134.0,42090055.0,339435.92741935485,35827582.0,6262473.0,50504.0,14886024.0,1326844.0,288540.0,1659723.0,108994576.0,22495232.0,124.0,1.0,10.0,2025.0,2.0,,,Fran Brown,unverified,,,,,7.810133593808154,8.082207604218183,0.5344732692308106,0.651697266592622,0.9854961335541491,-0.006345075270272748
2348,Louisiana Tech,Bulldogs,Louisiana Tech Bulldogs,LT,Sun Belt,37,False,4,2,144.0,116.0,2,0.5,36.0,29.0,7.0,12,0.7000000000000001,0.0,64.0,2.0,230.25,154.49263,152.8,4.5,11.0,26.0,306.0,5.0,2026,Louisiana Tech,Louisiana Tech University,LA,NCAA Division I-FBS,"Public, 4-year or above",11122188.0,33952161.0,11122188.0,99305.25,9335100.0,1787088.0,15956.0,4097078.0,365866.0,107988.0,627593.0,33952161.0,0.0,112.0,1.0,10.0,2025.0,2.0,,,,,,,,,7.046190231747224,7.530867421635885,0.32758409692979484,1.0,0.87065200454607,-0.06015539574413564
201,Oklahoma,Sooners,Oklahoma Sooners,OU,SEC,8,True,4,2,88.0,64.0,2,0.5,22.0,16.0,6.0,12,0.65,0.0,65.2,4.0,222.25,147.93143,99.0,2.9,13.0,22.0,229.0,1.0,2026,Oklahoma,University of Oklahoma-Norman Campus,OK,NCAA Division I-FBS,"Public, 4-year or above",126247146.0,234426470.0,71184826.0,556131.453125,64209425.0,6975401.0,54495.0,23935940.0,1481027.0,318098.0,5072037.0,234426470.0,55062320.0,128.0,1.0,14.0,2025.0,2.0,7552750.0,36158333.0,Brent Venables,high,21320000.0,,,851.14,8.10122156904447,8.370006647985539,0.5385362241729784,0.563852952366939,1.226317388477996,0.08860288635334591
153,North Carolina,Tar Heels,North Carolina Tar Heels,UNC,ACC,1,True,4,2,96.0,78.0,2,0.5,24.0,19.5,4.5,12,0.6666666666666666,0.0,57.1,3.0,210.25,132.37857,135.5,4.6,10.0,16.0,276.0,2.0,2026,North Carolina,University of North Carolina at Chapel Hill,NC,NCAA Division I-FBS,"Public, 4-year or above",63337093.0,180835031.0,49145749.0,399558.9349593496,40284396.0,8861353.0,72044.0,24726784.0,1184648.0,278468.0,3228757.0,180835031.0,14191344.0,123.0,1.0,10.0,2025.0,2.0,10100000.0,20833333.0,Bill Belichick,high,,,,,7.801658126559875,8.257282564946369,0.3502479173960492,0.775939448310329,1.1506980834337872,0.06096138974732725
2229,Florida International,Panthers,Florida International Panthers,FIU,Conference USA,12,False,4,2,72.0,58.0,2,0.5,18.0,14.5,3.5,12,0.6666666666666666,0.0,57.6,6.0,294.0,128.23257,124.0,3.6,10.0,23.0,242.0,2.0,2026,Florida International,Florida International University,FL,Independent,"Public, 4-year or above",12834881.0,42392051.0,12834881.0,112586.67543859647,10062315.0,2772566.0,24321.0,4291101.0,365554.0,129649.0,820078.0,42392051.0,0.0,114.0,1.0,14.0,2025.0,2.0,,,,,,,,,7.10839184641744,7.627284428987054,0.3027662190725332,1.0,1.1028994537353236,0.042535921616700216
9,Arizona State,Sun Devils,Arizona State Sun Devils,ASU,Big 12,4,True,4,2,133.0,127.0,2,0.5,33.25,31.75,1.5,12,0.6333333333333334,0.0,61.3,3.0,272.75,148.18759,149.0,4.4,7.0,14.0,244.0,2.0,2026,Arizona State,Arizona State University Campus Immersion,AZ,NCAA Division I-FBS,"Public, 4-year or above",50352139.0,149346605.0,50352139.0,409366.9837398374,45961151.0,4390988.0,35699.0,21595194.0,1426850.0,243154.0,1767905.0,149346605.0,0.0,123.0,1.0,10.0,2025.0,2.0,7442000.0,24683333.0,Kenny Dillingham,high,,,,,7.702017924465905,8.174195354516145,0.3371495388194462,1.0,1.316550369351863,0.11943747925151349
2653,Troy,Trojans,Troy Trojans,TROY,Sun Belt,37,False,4,2,85.0,86.0,2,0.5,21.25,21.5,-0.25,12,0.4166666666666667,0.0,51.5,4.0,205.5,113.978806,166.3,4.4,9.0,21.0,216.0,2.0,2026,Troy,Troy University,AL,NCAA Division I-FBS,"Public, 4-year or above",12597439.0,39742013.0,10281345.0,79700.3488372093,9008337.0,1273008.0,9868.0,7367946.0,385149.0,194502.0,371608.0,39742013.0,2316094.0,129.0,1.0,14.0,2025.0,2.0,,,,,,,,,7.100282264068684,7.599249861079055,0.3169803955325564,0.8161456467461362,0.8048302756327904,-0.09429569494601701
151,East Carolina,Pirates,East Carolina Pirates,ECU,American,151,False,4,2,96.0,101.0,2,0.5,24.0,25.25,-1.25,12,0.65,0.0,60.0,3.0,208.5,136.20695,127.5,4.0,11.0,22.0,304.0,4.0,2026,East Carolina,East Carolina University,NC,NCAA Division I-FBS,"Public, 4-year or above",16480592.0,68011262.0,16473046.0,127698.03100775194,13183603.0,3289443.0,25500.0,7739432.0,733528.0,169658.0,828291.0,64764468.0,7546.0,129.0,1.0,14.0,2025.0,2.0,,,,,,,,,7.216972807950632,7.832580833580941,0.24232151433978685,0.999542128098311,0.8464689118421508,-0.07238898754126664
2199,Eastern Michigan,Eagles,Eastern Michigan Eagles,EMU,MAC,15,False,6,3,133.0,150.0,3,0.5,22.166666666666668,25.0,-2.833333333333332,12,0.5599999999999999,0.0,62.9,3.0,200.16667,122.33805,111.7,3.7,9.0,21.0,362.0,4.0,2026,Eastern Michigan,Eastern Michigan University,MI,NCAA Division I-FBS,"Public, 4-year or above",11079719.0,38924556.0,11079719.0,93106.88235294116,9414225.0,1665494.0,13996.0,3369776.0,262683.0,77986.0,1117485.0,38924556.0,0.0,119.0,1.0,11.0,2025.0,2.0,,,,,,,,,7.0445287461056845,7.590223667409722,0.2846459957051276,1.0,1.0056533127405165,0.002448288559458382
2655,Tulane,Green Wave,Tulane Green Wave,TULN,American,151,False,4,2,75.0,93.0,2,0.5,18.75,23.25,-4.5,12,0.65,0.0,54.2,1.0,186.25,120.45233,160.5,4.7,6.0,16.0,279.0,0.0,2026,Tulane,Tulane University of Louisiana,LA,NCAA Division I-FBS,"Private nonprofit, 4-year or above",23998569.0,66211945.0,22676121.0,181408.968,21109511.0,1566610.0,12533.0,9559218.0,955778.0,170726.0,1081320.0,66211945.0,1322448.0,125.0,1.0,17.0,2025.0,2.0,,,,,,,,,7.380185346131102,7.820936345627284,0.3624507481240734,0.944894714347343,1.1652144641416617,0.06640586701117444
2628,TCU,Horned Frogs,TCU Horned Frogs,TCU,Big 12,4,True,5,2,127.0,67.0,3,0.4,25.4,13.4,11.999999999999998,12,0.625,0.0,68.4,4.0,280.0,154.86887,125.4,3.6,10.0,22.0,251.0,2.0,2026,TCU,Texas Christian University,TX,NCAA Division I-FBS,"Private nonprofit, 4-year or above",59568339.0,155989500.0,59568339.0,458217.9923076923,49256419.0,10311920.0,79322.0,23394873.0,1811739.0,214254.0,1639673.0,155989500.0,0.0,130.0,1.0,26.0,2025.0,2.0,,,Sonny Dykes,unverified,,,,,7.775015490426332,8.193095366011311,0.3818740299827873,1.0,1.5575250678452208,0.1924350452119406
2579,South Carolina,Gamecocks,South Carolina Gamecocks,SC,SEC,8,True,5,2,188.0,134.0,3,0.4,37.6,26.8,10.8,12,0.75,0.0,60.9,4.0,235.0,132.47395,256.0,6.5,13.0,27.0,271.0,2.0,2026,South Carolina,University of South Carolina-Columbia,SC,NCAA Division I-FBS,"Public, 4-year or above",76513171.0,204566524.0,55859501.0,469407.5714285714,51480543.0,4378958.0,36798.0,16813911.0,700072.0,320381.0,2515877.0,203259302.0,20653670.0,119.0,1.0,10.0,2025.0,2.0,8150000.0,27903958.0,Shane Beamer,high,,,,,7.883736201170136,8.310834565683216,0.37402586456423337,0.7300638605084084,0.962304485902712,-0.016687489683123075
41,UConn,Huskies,UConn Huskies,CONN,FBS Independents,18,False,5,2,180.0,131.0,3,0.4,36.0,26.2,9.8,12,0.3875,0.0,59.6,3.0,256.4,151.03973,181.6,5.0,7.0,19.0,364.0,4.0,2026,UConn,University of Connecticut,CT,NCAA Division I-FBS,"Public, 4-year or above",20479873.0,97050998.0,20479873.0,181237.81415929203,16176061.0,4303812.0,38087.0,14355731.0,1175967.0,235537.0,1405652.0,97050998.0,0.0,113.0,1.0,10.0,2025.0,2.0,,,,,,,,,7.311327259160716,7.987000005707529,0.2110217661028071,1.0,,
97,Louisville,Cardinals,Louisville Cardinals,LOU,ACC,1,True,5,2,193.0,146.0,3,0.4,38.6,29.2,9.400000000000002,12,0.7375,0.0,69.2,1.0,287.4,172.72273,198.6,5.6,8.0,13.0,355.0,4.0,2026,Louisville,University of Louisville,KY,NCAA Division I-FBS,"Public, 4-year or above",33090886.0,155903308.0,30745125.0,256209.375,27548031.0,3197094.0,26642.0,17103140.0,1346875.0,180804.0,1579219.0,154819604.0,2345761.0,120.0,1.0,15.0,2025.0,2.0,5981057.0,33633333.0,Jeff Brohm,high,,,,,7.519708395439081,8.192855330268408,0.21225262263197134,0.9291115686657649,0.719866054181659,-0.14274830543190256
356,Illinois,Fighting Illini,Illinois Fighting Illini,ILL,Big Ten,5,True,5,2,153.0,130.0,3,0.4,30.6,26.0,4.600000000000001,12,0.7000000000000001,0.0,65.0,3.0,249.2,150.68102,155.6,5.3,3.0,11.0,302.0,2.0,2026,Illinois,University of Illinois Urbana-Champaign,IL,NCAA Division I-FBS,"Public, 4-year or above",87939659.0,174612181.0,48001399.0,403373.1008403361,39224374.0,8777025.0,73757.0,26854376.0,1810900.0,325452.0,2800759.0,174612181.0,39938260.0,119.0,1.0,10.0,2025.0,2.0,8200000.0,49491667.0,Bret Bielema,high,,,,,7.944184777241096,8.242074536944344,0.5036284324287776,0.5458447251882111,0.9048375493999806,-0.043429385139589015
326,Texas State,Bobcats,Texas State Bobcats,TXST,Pac-12,9,False,5,2,174.0,166.0,3,0.4,34.8,33.2,1.5999999999999943,11,0.7,0.0,67.6,5.0,268.0,168.45622,263.6,5.4,5.0,18.0,370.0,4.0,2026,Texas State,Texas State University,TX,NCAA Division I-FBS,"Public, 4-year or above",21622408.0,52238898.0,21622408.0,180186.73333333337,17096498.0,4525910.0,37716.0,5009325.0,476981.0,131221.0,854093.0,52238898.0,0.0,120.0,1.0,10.0,2025.0,2.0,2000000.0,,GJ Kinne,high,,,,,7.334904057928025,7.717994006751568,0.4139139382304734,1.0,0.9851556717745765,-0.006495137978701132
166,New Mexico State,Aggies,New Mexico State Aggies,NMSU,Conference USA,12,False,5,2,139.0,132.0,3,0.4,27.8,26.4,1.400000000000002,12,0.45,0.0,58.8,6.0,252.0,133.44,150.0,4.7,12.0,21.0,303.0,4.0,2026,New Mexico State,New Mexico State University-Main Campus,NM,NCAA Division I-FBS,"Public, 4-year or above",11779202.0,37088598.0,11779202.0,79055.04697986577,9066179.0,2713023.0,18208.0,3470992.0,252654.0,115004.0,585465.0,37088598.0,0.0,149.0,1.0,10.0,2025.0,2.0,,,,,,,,,7.071115869505782,7.569240416710337,0.31759631356245926,1.0,1.0121851111231985,0.0052599447050413264
218,Temple,Owls,Temple Owls,TEM,American,151,False,5,2,129.0,124.0,3,0.4,25.8,24.8,1.0,12,0.675,0.0,56.8,1.0,149.4,145.2758,212.6,5.5,4.0,12.0,287.0,2.0,2026,Temple,Temple University,PA,NCAA Division I-FBS,"Public, 4-year or above",26295531.0,71198560.0,26295531.0,228656.79130434783,22339954.0,3955577.0,34396.0,6811093.0,445931.0,167708.0,620782.0,71198560.0,0.0,115.0,1.0,10.0,2025.0,2.0,,,,,,,,,7.419881945183378,7.85247121006413,0.3693267251472502,1.0,1.351198164072482,0.13071904646990018
290,Georgia Southern,Eagles,Georgia Southern Eagles,GASO,Sun Belt,37,False,5,2,124.0,119.0,3,0.4,24.8,23.8,1.0,12,0.55,0.0,65.2,1.0,262.4,132.97333,119.6,4.3,11.0,29.0,274.0,2.0,2026,Georgia Southern,Georgia Southern University,GA,NCAA Division I-FBS,"Public, 4-year or above",11225441.0,38133784.0,11225441.0,76886.58219178082,9257849.0,1967592.0,13477.0,3683496.0,251750.0,77607.0,347870.0,38133784.0,0.0,146.0,1.0,17.0,2025.0,2.0,,,,,,,,,7.050203411600028,7.581309902278164,0.29436997387932967,1.0,0.8787347155580935,-0.056142215891332
2032,Arkansas State,Red Wolves,Arkansas State Red Wolves,ARST,Sun Belt,37,False,5,2,120.0,117.0,3,0.4,24.0,23.4,0.6000000000000014,12,0.5625,0.0,66.9,4.0,208.6,138.82602,139.8,4.6,3.0,9.0,310.0,5.0,2026,Arkansas State,Arkansas State University,AR,NCAA Division I-FBS,"Public, 4-year or above",11536628.0,33754642.0,11536628.0,75402.79738562091,7771044.0,3765584.0,24612.0,2578926.0,153340.0,69701.0,730079.0,33754642.0,0.0,153.0,1.0,24.0,2025.0,2.0,,,,,,,,,7.0620788889765365,7.528333506244287,0.3417790062771218,1.0,0.9030946333493299,-0.044266738514823864
25,California,Golden Bears,California Golden Bears,CAL,ACC,1,True,5,2,135.0,133.0,3,0.4,27.0,26.6,0.3999999999999986,12,0.675,0.0,64.3,5.0,301.0,134.83295,95.0,3.3,10.0,19.0,288.0,7.0,2026,California,University of California-Berkeley,CA,NCAA Division I-FBS,"Public, 4-year or above",63954618.0,173116318.0,46721911.0,389349.25833333336,35905641.0,10816270.0,90136.0,18499179.0,788336.0,231773.0,2681244.0,173116318.0,17232707.0,120.0,1.0,10.0,2025.0,2.0,,,Justin Wilcox,unverified,,,,,7.805871909244806,8.238338006542882,0.3694314824787343,0.7305478863152619,1.0939463643552156,0.03899602927749221
120,Maryland,Terrapins,Maryland Terrapins,MD,Big Ten,5,True,5,2,152.0,151.0,3,0.4,30.4,30.2,0.1999999999999993,12,0.8,0.0,63.8,6.0,277.2,127.033615,146.8,4.8,14.0,24.0,276.0,4.0,2026,Maryland,University of Maryland-College Park,MD,NCAA Division I-FBS,"Public, 4-year or above",63070858.0,128662116.0,35502618.0,295855.15,29541886.0,5960732.0,49673.0,20469856.0,1568408.0,220072.0,2126655.0,128662116.0,27568240.0,120.0,1.0,10.0,2025.0,2.0,6100000.0,13395417.0,Mike Locksley,high,,,,,7.799828739065793,8.109450689607229,0.4902053530660105,0.5629005078700531,0.6692326169160953,-0.17442290064228289
36,Colorado State,Rams,Colorado State Rams,CSU,Pac-12,9,False,5,2,187.0,193.0,3,0.4,37.4,38.6,-1.2000000000000028,12,0.7000000000000001,0.0,62.9,4.0,273.2,144.65872,175.2,5.8,7.0,15.0,347.0,7.0,2026,Colorado State,Colorado State University-Fort Collins,CO,NCAA Division I-FBS,"Public, 4-year or above",21007541.0,55794198.0,21007541.0,194514.2685185185,14556688.0,6450853.0,59730.0,8243031.0,802160.0,222749.0,983536.0,55794198.0,0.0,108.0,1.0,17.0,2025.0,2.0,,,Jay Norvell,unverified,,,,,7.322375219819999,7.746589039303271,0.37651837920494885,1.0,0.9571412289596496,-0.01902397608672711
193,Miami (OH),RedHawks,Miami (OH) RedHawks,M-OH,MAC,15,False,5,2,134.0,146.0,3,0.4,26.8,29.2,-2.3999999999999986,12,0.6000000000000001,0.0,65.4,2.0,271.0,165.81175,100.2,3.3,8.0,13.0,282.0,1.0,2026,Miami (OH),Miami University-Oxford,OH,NCAA Division I-FBS,"Public, 4-year or above",11017434.0,41169189.0,11017434.0,68431.26708074534,9018814.0,1998620.0,12414.0,4805553.0,309705.0,77577.0,778050.0,40792930.0,0.0,161.0,1.0,14.0,2025.0,2.0,,,,,,,,,7.042080457546226,7.61457231182882,0.2676135786886645,1.0,1.0,0.0
21,San Diego State,Aztecs,San Diego State Aztecs,SDSU,Pac-12,9,False,5,2,123.0,144.0,3,0.4,24.6,28.8,-4.199999999999999,11,0.7999999999999999,0.0,58.6,5.0,154.2,114.607216,149.6,4.1,9.0,18.0,370.0,5.0,2026,San Diego State,San Diego State University,CA,NCAA Division I-FBS,"Public, 4-year or above",24485873.0,89827012.0,22274021.0,192017.4224137931,12617227.0,9656794.0,83248.0,12168979.0,974230.0,332821.0,1246206.0,89827012.0,2211852.0,116.0,1.0,10.0,2025.0,2.0,1750000.0,,Sean Lewis,medium,,,,,7.38891559262313,7.953406953577344,0.27258919622084277,0.9096682401317691,1.0148443282254236,0.006399428872157359
48,Delaware,Blue Hens,Delaware Blue Hens,DEL,Conference USA,12,False,5,2,107.0,128.0,3,0.4,21.4,25.6,-4.200000000000003,12,0.55,0.0,51.2,6.0,261.0,124.40941,98.8,3.3,16.0,26.0,358.0,1.0,2026,Delaware,University of Delaware,DE,NCAA Division I-FCS,"Public, 4-year or above",10126804.0,65523927.0,10126804.0,92061.85454545454,9064138.0,1062666.0,9661.0,4338673.0,266735.0,81659.0,421878.0,65523927.0,0.0,110.0,1.0,10.0,2025.0,2.0,,,,,,,,,7.0054724044750865,7.816399917801857,0.15455123744338461,1.0,0.8701947918087195,-0.06038352032565372
103,Boston College,Eagles,Boston College Eagles,BC,ACC,1,True,5,2,95.0,117.0,3,0.4,19.0,23.4,-4.399999999999999,12,0.65,0.0,57.9,5.0,193.4,120.44572,153.0,4.3,12.0,32.0,313.0,6.0,2026,Boston College,Boston College,MA,NCAA Division I-FBS,"Private nonprofit, 4-year or above",47531226.0,142122049.0,41224780.0,278545.8108108108,32104724.0,9120056.0,61622.0,14553358.0,653075.0,231602.0,2016982.0,142122049.0,6306446.0,148.0,1.0,10.0,2025.0,2.0,,,Bill O'Brien,unverified,,,,,7.676979016444305,8.152661460166705,0.334439492917809,0.8673199382654257,0.9652365932194771,-0.015366221852307085
2509,Purdue,Boilermakers,Purdue Boilermakers,PUR,Big Ten,5,True,5,2,152.0,175.0,3,0.4,30.4,35.0,-4.600000000000001,12,0.7999999999999999,0.0,71.3,1.0,306.6,163.06842,99.2,2.9,7.0,16.0,314.0,3.0,2026,Purdue,Purdue University-Main Campus,IN,NCAA Division I-FBS,"Public, 4-year or above",83144029.0,150536320.0,37193229.0,295184.35714285716,29420894.0,7772335.0,61685.0,22638944.0,1510900.0,329742.0,2330766.0,135140397.0,45950800.0,126.0,1.0,10.0,2025.0,2.0,6050000.0,25125000.0,Barry Odom,high,,,,,7.919831065756816,8.1776412950965,0.5523187294601064,0.4473349373049988,0.7011010279644618,-0.15421939611879662
127,Michigan State,Spartans,Michigan State Spartans,MSU,Big Ten,5,True,5,2,91.0,116.0,3,0.4,18.2,23.2,-5.0,12,0.82,0.0,62.9,4.0,182.0,118.77142,123.6,3.1,7.0,14.0,264.0,1.0,2026,Michigan State,Michigan State University,MI,NCAA Division I-FBS,"Public, 4-year or above",77084648.0,160697176.0,48227813.0,405275.7394957983,41948581.0,6279232.0,52767.0,21827091.0,1155745.0,272033.0,2158141.0,160697176.0,28856835.0,119.0,1.0,15.0,2025.0,2.0,7350000.0,33033125.0,Jonathan Smith,high,,,,,7.886967893579323,8.206008244788277,0.47968887766888946,0.6256474440928886,0.9091055060257832,-0.041385711909112936
38,Colorado,Buffaloes,Colorado Buffaloes,COLO,Big 12,4,True,5,2,93.0,127.0,3,0.4,18.6,25.4,-6.799999999999997,12,0.7,0.0,61.3,6.0,253.4,128.08562,140.8,3.7,10.0,35.0,300.0,2.0,2026,Colorado,University of Colorado Boulder,CO,NCAA Division I-FBS,"Public, 4-year or above",69306235.0,161671803.0,42805019.0,362754.39830508473,32639889.0,10165130.0,86145.0,21230887.0,2636483.0,335353.0,1380307.0,161512069.0,26501216.0,118.0,1.0,13.0,2025.0,2.0,8975000.0,33625000.0,Deion Sanders,high,,,,,7.840772306823768,8.208634281691605,0.4286847410243826,0.6176214737389789,1.1192168732804681,0.048914248943886025
2393,Middle Tennessee,Blue Raiders,Middle Tennessee Blue Raiders,MTSU,Conference USA,12,False,5,2,104.0,140.0,3,0.4,20.8,28.0,-7.199999999999999,12,0.4875,0.0,56.4,1.0,182.6,121.683075,124.0,4.8,2.0,9.0,309.0,3.0,2026,Middle Tennessee,Middle Tennessee State University,TN,NCAA Division I-FBS,"Public, 4-year or above",13297458.0,40006612.0,13297458.0,89244.68456375839,10264060.0,3033398.0,20358.0,4724424.0,367838.0,89907.0,460355.0,40006612.0,0.0,149.0,1.0,13.0,2025.0,2.0,,,,,,,,,7.123768627276352,7.602131774273124,0.33238150733683725,1.0,1.1426486279279415,0.05791270247561164
2751,Wyoming,Cowboys,Wyoming Cowboys,WYO,Mountain West,17,False,5,2,71.0,110.0,3,0.4,14.2,22.0,-7.800000000000001,12,0.55,0.0,59.3,6.0,143.0,107.46071,150.2,4.4,8.0,21.0,344.0,2.0,2026,Wyoming,University of Wyoming,WY,NCAA Division I-FBS,"Public, 4-year or above",16630620.0,50399891.0,13091901.0,111896.58974358976,11562384.0,1529517.0,13073.0,5352078.0,365245.0,95776.0,968761.0,50399891.0,3538719.0,117.0,1.0,14.0,2025.0,2.0,,,,,,,,,7.2209084402934565,7.702429597196523,0.3299733326804219,0.7872166521753248,1.0,0.0
8,Arkansas,Razorbacks,Arkansas Razorbacks,ARK,SEC,8,True,5,2,99.0,142.0,3,0.4,19.8,28.4,-8.599999999999998,12,0.8,0.0,60.2,4.0,242.8,122.81936,92.2,2.8,8.0,18.0,303.0,1.0,2026,Arkansas,University of Arkansas,AR,NCAA Division I-FBS,"Public, 4-year or above",90791403.0,195879594.0,57370871.0,451739.14173228346,49164032.0,8206839.0,64621.0,32239326.0,3332039.0,471042.0,2544123.0,188988863.0,33420532.0,127.0,1.0,14.0,2025.0,2.0,6814600.0,,Sam Pittman,high,,,,,7.95804472730497,8.291989195184131,0.46350618329339605,0.6318976147994981,0.9883412048998756,-0.005093098101033917
2084,Buffalo,Bulls,Buffalo Bulls,BUFF,MAC,15,False,5,2,102.0,153.0,3,0.4,20.4,30.6,-10.200000000000005,12,0.5666666666666668,0.0,52.8,3.0,161.0,106.3683,151.4,3.7,6.0,18.0,296.0,1.0,2026,Buffalo,University at Buffalo,NY,NCAA Division I-FBS,"Public, 4-year or above",14098031.0,49986844.0,14098031.0,119474.83898305084,11703598.0,2394433.0,20292.0,3471069.0,222405.0,87372.0,503371.0,49986844.0,0.0,118.0,1.0,14.0,2025.0,2.0,,,,,,,,,7.149158461198102,7.698855717735736,0.28203482900420757,1.0,1.279611114529935,0.10707800365187593
2309,Kent State,Golden Flashes,Kent State Golden Flashes,KENT,MAC,15,False,5,2,75.0,157.0,3,0.4,15.0,31.4,-16.4,12,0.5,0.0,56.8,6.0,161.2,106.53999,116.0,3.3,12.0,24.0,270.0,4.0,2026,Kent State,Kent State University at Kent,OH,NCAA Division I-FBS,"Public, 4-year or above",10351311.0,37209656.0,10351311.0,94102.82727272729,7194130.0,3157181.0,28702.0,2713393.0,216003.0,61625.0,503118.0,37209656.0,0.0,110.0,1.0,9.0,2025.0,2.0,,,,,,,,,7.014995356943598,7.570655655025771,0.2781888389400859,1.0,0.9395391885261123,-0.027085100602627858
24,Stanford,Cardinal,Stanford Cardinal,STAN,ACC,1,True,5,2,87.0,191.0,3,0.4,17.4,38.2,-20.800000000000004,12,0.65,0.0,59.1,1.0,247.8,124.136024,88.8,2.9,4.0,13.0,334.0,3.0,2026,Stanford,Stanford University,CA,NCAA Division I-FBS,"Private nonprofit, 4-year or above",35992019.0,192802320.0,35992019.0,327200.17272727273,26205293.0,9786726.0,88970.0,17444173.0,500525.0,159558.0,1703976.0,192802320.0,0.0,110.0,1.0,10.0,2025.0,2.0,,,Frank Reich,unverified,,,,,7.556206209419374,8.285112255485567,0.1866783501360357,1.0,0.8427167786620253,-0.07431835910143753
2534,Sam Houston,Bearkats,Sam Houston Bearkats,SHSU,Conference USA,12,False,4,1,111.0,96.0,3,0.25,27.75,24.0,3.75,12,0.7000000000000001,0.0,65.6,4.0,308.0,155.50517,100.0,3.2,9.0,17.0,242.0,5.0,2026,Sam Houston,Sam Houston State University,TX,NCAA Division I-FBS,"Public, 4-year or above",9740021.0,31968068.0,9740021.0,76693.07874015748,7376730.0,2363291.0,18609.0,3046447.0,286512.0,70169.0,146374.0,31955712.0,0.0,127.0,1.0,14.0,2025.0,2.0,,,,,,,,,6.9885598932414785,7.50471639034448,0.3046796884941561,1.0,0.8369585849896528,-0.07729603155926144
2440,Nevada,Wolf Pack,Nevada Wolf Pack,NEV,Mountain West,17,False,4,1,109.0,97.0,3,0.25,27.25,24.25,3.0,12,0.45,0.0,56.5,5.0,184.75,113.58666,196.8,5.4,8.0,15.0,284.0,1.0,2026,Nevada,University of Nevada-Reno,NV,NCAA Division I-FBS,"Public, 4-year or above",13624871.0,53153531.0,12983551.0,110970.52136752136,9267424.0,3716127.0,31762.0,6480420.0,449448.0,185238.0,725272.0,53153531.0,641320.0,117.0,1.0,10.0,2025.0,2.0,,,,,,,,,7.1343323990768726,7.725532120089406,0.2563304966512949,0.9529301965501178,0.9917238909765663,-0.003609224334088437
2426,Navy,Midshipmen,Navy Midshipmen,NAVY,American,151,False,4,1,101.0,91.0,3,0.25,25.25,22.75,2.5,12,0.7166666666666667,0.0,40.0,1.0,103.75,111.06,277.8,5.6,10.0,22.0,249.0,3.0,2026,,,,,,,,,,,,,,,,,,,,,,,,,,,,,,,,,,,,,
59,Georgia Tech,Yellow Jackets,Georgia Tech Yellow Jackets,GT,ACC,1,True,4,1,108.0,104.0,3,0.25,27.0,26.0,1.0,12,0.5333333333333333,0.0,67.2,3.0,243.75,143.76,126.3,3.8,6.0,23.0,280.0,1.0,2026,Georgia Tech,Georgia Institute of Technology-Main Campus,GA,NCAA Division I-FBS,"Public, 4-year or above",70541041.0,140430227.0,42709508.0,355912.56666666665,31110540.0,11598968.0,96658.0,15565517.0,1109351.0,260002.0,2054588.0,140430227.0,27831533.0,120.0,1.0,10.0,2025.0,2.0,4500000.0,11123333.0,Brent Key,high,,,,,7.848441864421629,8.147460597867811,0.5023209212643373,0.60545616274645,1.0,0.0
338,Kennesaw State,Owls,Kennesaw State Owls,KENN,Conference USA,12,False,4,1,87.0,90.0,3,0.25,21.75,22.5,-0.75,12,0.6666666666666666,0.0,68.5,2.0,201.0,123.416855,167.0,4.9,4.0,10.0,266.0,1.0,2026,Kennesaw State,Kennesaw State University,GA,NCAA Division I-FCS,"Public, 4-year or above",11495596.0,42344569.0,11495596.0,95796.63333333332,8485424.0,3010172.0,25085.0,3197565.0,175613.0,89467.0,478941.0,42344569.0,0.0,120.0,1.0,10.0,2025.0,2.0,,,,,,,,,7.060531492595398,7.626797716801743,0.2714774591282296,1.0,0.9878148888768015,-0.005324432205341542
2572,Southern Miss,Golden Eagles,Southern Miss Golden Eagles,USM,Sun Belt,37,False,4,1,98.0,118.0,3,0.25,24.5,29.5,-5.0,12,0.5,0.0,60.3,5.0,241.5,125.30255,150.0,4.2,8.0,15.0,299.0,5.0,2026,Southern Miss,University of Southern Mississippi,MS,NCAA Division I-FBS,"Public, 4-year or above",11033253.0,31875542.0,11033253.0,97639.407079646,9057541.0,1975712.0,17484.0,4419519.0,253123.0,101833.0,551644.0,31875542.0,0.0,113.0,1.0,26.0,2025.0,2.0,,,,,,,,,7.042703576960855,7.503457578088536,0.34613538492929785,1.0,0.863690115750061,-0.06364205053050527
2623,Missouri State,Bears,Missouri State Bears,MOST,Conference USA,12,False,4,1,96.0,128.0,3,0.25,24.0,32.0,-8.0,12,0.6666666666666666,0.0,67.6,2.0,210.25,146.71426,135.0,3.9,6.0,12.0,272.0,2.0,2026,Missouri State,Missouri State University-Springfield,MO,NCAA Division I-FCS,"Public, 4-year or above",6558020.0,28059311.0,6558020.0,66242.62626262626,4670637.0,1887383.0,19064.0,3069942.0,251409.0,65062.0,455661.0,28059311.0,0.0,99.0,1.0,11.0,2025.0,2.0,,,,,,,,,6.816772736803672,7.4480770026662615,0.23371992277358486,1.0,0.5635297028141769,-0.24908318799706855
324,Coastal Carolina,Chanticleers,Coastal Carolina Chanticleers,CCU,Sun Belt,37,False,5,1,124.0,125.0,4,0.2,24.8,25.0,-0.1999999999999993,12,0.55,0.0,54.1,2.0,254.6,143.60565,131.8,3.9,10.0,17.0,345.0,3.0,2026,Coastal Carolina,Coastal Carolina University,SC,NCAA Division I-FBS,"Public, 4-year or above",17052582.0,46978290.0,17052582.0,138638.8780487805,14706582.0,2346000.0,19073.0,6322108.0,409519.0,138219.0,781729.0,46978290.0,0.0,123.0,1.0,10.0,2025.0,2.0,,,,,,,,,7.231790146580954,7.671897204500337,0.3629885634406872,1.0,1.3348870474933736,0.12544451908959392
164,Rutgers,Scarlet Knights,Rutgers Scarlet Knights,RUTG,Big Ten,5,True,5,1,150.0,161.0,4,0.2,30.0,32.2,-2.200000000000003,12,0.7583333333333334,0.0,58.5,9.0,260.8,150.24367,134.8,3.7,6.0,15.0,295.0,4.0,2026,Rutgers,Rutgers University-New Brunswick,NJ,NCAA Division I-FBS,"Public, 4-year or above",75922954.0,171679918.0,75922954.0,554182.1459854015,61473742.0,14449212.0,105469.0,21702609.0,1334237.0,293772.0,2038136.0,171679918.0,0.0,137.0,1.0,10.0,2025.0,2.0,6500000.0,23735156.0,Greg Schiano,high,,,,,7.880373097218784,8.234719497188534,0.4422354978058645,1.0,1.431165363338003,0.15568981701347906
265,Washington State,Cougars,Washington State Cougars,WSU,Pac-12,9,False,5,1,95.0,125.0,4,0.2,19.0,25.0,-6.0,12,0.7375,0.0,61.3,5.0,159.2,108.31183,128.2,4.1,5.0,14.0,297.0,3.0,2026,Washington State,Washington State University,WA,NCAA Division I-FBS,"Public, 4-year or above",38831529.0,82229485.0,22896016.0,184645.29032258064,18618341.0,4277675.0,34497.0,9153920.0,769828.0,204030.0,1235204.0,68573910.0,15935513.0,124.0,1.0,14.0,2025.0,2.0,,,Kirby Moore,medium,,,,,7.589184491323523,7.91502757029858,0.4722336397947768,0.5896243745642877,1.0431835354989811,0.018360723999072952
62,Hawai'i,Rainbow Warriors,Hawai'i Rainbow Warriors,HAW,Mountain West,17,False,5,1,88.0,124.0,4,0.2,17.6,24.8,-7.199999999999999,12,0.48,0.0,59.8,3.0,275.0,115.80607,86.0,3.3,9.0,21.0,286.0,2.0,2026,Hawai'i,University of Hawaii at Manoa,HI,NCAA Division I-FBS,"Public, 4-year or above",12129152.0,53793049.0,13857022.0,121552.82456140353,10455489.0,3401533.0,29838.0,4128981.0,245595.0,100409.0,535355.0,53793049.0,-1727870.0,114.0,1.0,10.0,2025.0,2.0,,,,,,,,,7.083830438575195,7.730726160871317,0.22547805386528658,1.1424559606475375,1.0584423148326587,0.024667193926022346
242,Rice,Owls,Rice Owls,RICE,American,151,False,5,1,90.0,137.0,4,0.2,18.0,27.4,-9.4,12,0.8,0.0,52.8,1.0,85.4,113.31,243.8,5.1,7.0,20.0,321.0,2.0,2026,Rice,Rice University,TX,NCAA Division I-FBS,"Private nonprofit, 4-year or above",19591289.0,70408131.0,19591289.0,159278.7723577236,15935643.0,3655646.0,29721.0,5730603.0,369624.0,152733.0,638678.0,70408131.0,0.0,123.0,1.0,10.0,2025.0,2.0,,,,,,,,,7.292063011143827,7.847622816024548,0.278253217657489,1.0,1.0067001015729027,0.002900112430349276
16,Sacramento State,Hornets,Sacramento State Hornets,SAC,MAC,15,False,5,1,88.0,143.0,4,0.2,17.6,28.6,-11.0,12,0.7749999999999999,0.0,57.1,6.0,216.2,107.31015,111.2,3.7,7.0,15.0,312.0,0.0,2026,Sacramento State,California State University-Sacramento,CA,NCAA Division I-FCS,"Public, 4-year or above",10126065.0,46274655.0,10126065.0,65329.45161290323,8138864.0,1987201.0,12821.0,3965152.0,223618.0,72722.0,147357.0,46274655.0,0.0,155.0,1.0,19.0,2025.0,2.0,,,,,,,,,7.005440710829878,7.665343189560981,0.21882529432148118,1.0,0.9190946821192666,-0.03663974671634802
328,Utah State,Aggies,Utah State Aggies,USU,Pac-12,9,False,5,1,70.0,125.0,4,0.2,14.0,25.0,-11.0,12,0.7250000000000001,0.0,54.2,10.0,197.8,111.992256,127.0,3.9,6.0,17.0,347.0,3.0,2026,Utah State,Utah State University,UT,NCAA Division I-FBS,"Public, 4-year or above",17310081.0,48349839.0,17310081.0,157364.37272727274,15049501.0,2260580.0,20551.0,6694244.0,650020.0,156552.0,624640.0,48349839.0,0.0,110.0,1.0,10.0,2025.0,2.0,,,Bronco Mendenhall,medium,,,,,7.2382991000978505,7.684395032265391,0.35801734520770584,1.0,0.7886783227856644,-0.1031000958088754
295,Old Dominion,Monarchs,Old Dominion Monarchs,ODU,Sun Belt,37,False,5,1,99.0,162.0,4,0.2,19.8,32.4,-12.599999999999998,12,0.7749999999999999,0.0,51.6,3.0,152.8,110.33967,105.6,2.9,13.0,27.0,388.0,2.0,2026,Old Dominion,Old Dominion University,VA,NCAA Division I-FBS,"Public, 4-year or above",14787371.0,53232824.0,14787371.0,127477.33620689657,11236573.0,3550798.0,30610.0,5063828.0,260141.0,106525.0,689496.0,53232824.0,0.0,116.0,1.0,14.0,2025.0,2.0,,,,,,,,,7.169890969015021,7.726179506095446,0.2777867091928093,1.0,1.1575648787016029,0.06354534152366095
2006,Akron,Zips,Akron Zips,AKR,MAC,15,False,5,1,95.0,168.0,4,0.2,19.0,33.6,-14.6,12,0.7000000000000001,0.0,65.4,5.0,197.0,124.699265,141.0,4.3,2.0,9.0,295.0,1.0,2026,Akron,University of Akron Main Campus,OH,NCAA Division I-FBS,"Public, 4-year or above",7630898.0,33581790.0,7630898.0,69371.8,5541211.0,2089687.0,18997.0,3693136.0,233555.0,68253.0,240369.0,33581788.0,0.0,110.0,1.0,19.0,2025.0,2.0,,,,,,,,,6.882575648504889,7.52610384148648,0.22723321180913822,1.0,0.6926202598536102,-0.15950480904133751
2050,Ball State,Cardinals,Ball State Cardinals,BALL,MAC,15,False,5,1,96.0,189.0,4,0.2,19.2,37.8,-18.6,12,0.7,0.0,62.5,3.0,174.2,119.40631,121.0,4.1,7.0,20.0,337.0,3.0,2026,Ball State,Ball State University,IN,NCAA Division I-FBS,"Public, 4-year or above",7990057.0,30329090.0,7990057.0,66583.80833333333,6644848.0,1345209.0,11210.0,4613083.0,245911.0,99714.0,369276.0,30329090.0,0.0,120.0,1.0,14.0,2025.0,2.0,,,,,,,,,6.9025498775239,7.48185937984883,0.26344532592306596,1.0,0.7252194113438756,-0.13953058002232613
98,Western Kentucky,Hilltoppers,Western Kentucky Hilltoppers,WKU,Conference USA,12,False,5,1,99.0,198.0,4,0.2,19.8,39.6,-19.8,12,0.6625,0.0,61.4,4.0,232.0,122.47434,115.0,3.3,4.0,13.0,265.0,2.0,2026,Western Kentucky,Western Kentucky University,KY,NCAA Division I-FBS,"Public, 4-year or above",11040244.0,31319105.0,11040244.0,98573.60714285714,7660837.0,3379407.0,30173.0,3659519.0,395923.0,69996.0,715751.0,31319105.0,0.0,112.0,1.0,14.0,2025.0,2.0,,,,,,,,,7.0429786718245735,7.495809342813905,0.35250828527826705,1.0,0.9486865578811898,-0.022877252976167013
189,Bowling Green,Falcons,Bowling Green Falcons,BGSU,MAC,15,False,5,1,57.0,165.0,4,0.2,11.4,33.0,-21.6,12,0.7000000000000001,0.0,63.2,2.0,173.8,124.724815,84.8,2.7,15.0,23.0,297.0,2.0,2026,Bowling Green,Bowling Green State University-Main Campus,OH,NCAA Division I-FBS,"Public, 4-year or above",10756676.0,35288178.0,10984685.0,101710.04629629628,10723673.0,261012.0,2417.0,5210633.0,349269.0,120250.0,782806.0,35288178.0,-228009.0,108.0,1.0,12.0,2025.0,2.0,,,,,,,,,7.031678087512263,7.547629235436379,0.304823785461522,1.0211969757200088,0.9970275292776885,-0.0012928500651434038
2638,UTEP,Miners,UTEP Miners,UTEP,Mountain West,17,False,5,1,82.0,207.0,4,0.2,16.4,41.4,-25.0,12,0.625,0.0,61.9,5.0,129.8,131.59444,136.4,3.8,5.0,13.0,330.0,3.0,2026,UTEP,The University of Texas at El Paso,TX,NCAA Division I-FBS,"Public, 4-year or above",13123683.0,32413794.0,11062136.0,97036.28070175438,8697998.0,2364138.0,20738.0,3661998.0,431712.0,92150.0,547446.0,32413794.0,2061547.0,114.0,1.0,16.0,2025.0,2.0,,,,,,,,,7.118055731542305,7.510729867713143,0.404879570716097,0.8429139899218839,0.8449602544351656,-0.07316371908042915
2433,UL Monroe,Warhawks,UL Monroe Warhawks,ULM,Sun Belt,37,False,5,0,120.0,223.0,5,0.0,24.0,44.6,-20.6,12,0.7000000000000001,0.0,62.8,4.0,232.0,133.73755,132.0,3.9,5.0,13.0,353.0,1.0,2026,UL Monroe,University of Louisiana at Monroe,LA,NCAA Division I-FBS,"Public, 4-year or above",7772886.0,20557764.0,7772886.0,66434.92307692308,6248435.0,1524451.0,13029.0,2756628.0,229122.0,89501.0,215545.0,20557764.0,0.0,117.0,1.0,10.0,2025.0,2.0,,,,,,,,,6.890582298229867,7.312975876117482,0.3780997777773886,1.0,0.6084664975100298,-0.21576332926149328
2459,Northern Illinois,Huskies,Northern Illinois Huskies,NIU,Mountain West,17,False,4,0,55.0,145.0,4,0.0,13.75,36.25,-22.5,12,0.8000000000000002,0.0,66.9,3.0,221.0,123.3823,79.3,2.6,7.0,17.0,254.0,5.0,2026,Northern Illinois,Northern Illinois University,IL,NCAA Division I-FBS,"Public, 4-year or above",13249127.0,34342695.0,13199127.0,92301.5874125874,11741249.0,1457878.0,10195.0,3806439.0,241937.0,96040.0,383206.0,34342695.0,50000.0,143.0,1.0,10.0,2025.0,2.0,,,,,,,,,7.122187263059741,7.535834372878007,0.3857917091247498,0.9962261664485517,1.0081902544175976,0.0035424950530179447
2429,Charlotte,49ers,Charlotte 49ers,CLT,American,151,False,5,0,86.0,203.0,5,0.0,17.2,40.6,-23.4,12,0.7749999999999999,0.0,62.7,7.0,180.0,110.299995,110.6,4.3,8.0,21.0,360.0,2.0,2026,Charlotte,University of North Carolina at Charlotte,NC,NCAA Division I-FBS,"Public, 4-year or above",11946167.0,54956032.0,15571390.0,127634.34426229508,11472945.0,4098445.0,33594.0,3069045.0,166671.0,67941.0,915585.0,54956032.0,-3625223.0,122.0,1.0,12.0,2025.0,2.0,,,,,,,,,7.077228581620791,7.7400153677429815,0.21737681133892636,1.3034632782213742,0.8001372392919772,-0.09683551656376575
