school,conference,season,football_expenses,point_margin_per_game,residual
Michigan,Big Ten,2023,72291729.0,27.230769230769234,18.594995091786153
Florida State,ACC,2023,61092937.0,21.076923076923077,13.517742846425033
Liberty,Conference USA,2023,27972039.0,18.076923076923073,15.51452271350825
Washington,Pac-12,2023,75962361.0,14.076923076923077,5.124348342314473
Georgia,SEC,2023,68931272.0,21.76923076923077,13.437922037396785
Texas,Big 12,2023,61775571.0,18.615384615384613,10.985129713610178
Alabama,SEC,2023,112230118.0,16.692307692307697,5.243146850694462
Ohio State,Big Ten,2023,78586384.0,21.833333333333336,12.663535026128407
James Madison,Sun Belt,2023,15874372.0,16.666666666666664,17.727801913350824
Oregon,Pac-12,2023,53914776.0,26.846153846153847,20.08646573225314
SMU,American,2023,31960585.0,23.23076923076923,19.81574641323964
Troy,Sun Belt,2023,10125953.0,14.0,17.93696700544122
Toledo,MAC,2023,12031877.0,12.999999999999996,15.833864330785953
Miami (OH),MAC,2023,10598977.0,10.76923076923077,14.414167017922804
Tulane,American,2023,12979136.0,7.923076923076923,10.272201876354234
Penn State,Big Ten,2023,61584152.0,25.75,18.139595763513952
Oklahoma,Big 12,2023,65814050.0,20.916666666666664,12.881359897835047
Ole Miss,SEC,2023,57122596.0,12.500000000000004,5.370632918980721
Missouri,SEC,2023,52195922.0,11.750000000000004,5.197555362376168
Louisville,ACC,2023,37682973.0,11.23076923076923,6.762234029104267
Iowa,Big Ten,2023,55519658.0,3.384615384615387,-3.5626945334727083
Notre Dame,FBS Independents,2023,68796341.0,22.500000000000004,14.181224235789134
LSU,SEC,2023,58303320.0,18.666666666666664,11.40643465771057
Arizona,Pac-12,2023,37131453.0,13.500000000000004,9.125772431507517
Memphis,American,2023,22107916.0,10.666666666666664,9.609136382834912
Ohio,MAC,2023,11443834.0,7.500000000000002,10.654376296887849
NC State,ACC,2023,36498949.0,6.666666666666664,2.4023345826887876
New Mexico State,Conference USA,2023,12576528.0,6.928571428571431,9.479251682838708
UNLV,Mountain West,2023,19389498.0,7.307692307692307,7.089391354557151
Oklahoma State,Big 12,2023,33952496.0,0.4615384615384599,-3.3402016897553963
Kansas State,Big 12,2023,16697101.0,16.666666666666668,17.404599305570155
Oregon State,Pac-12,2023,25813332.0,12.333333333333336,10.284652351522446
North Carolina,ACC,2023,40068730.0,9.500000000000004,4.638805656948794
Jacksonville State,Conference USA,2023,12388628.0,9.5,12.146966389947778
Tennessee,SEC,2023,56987228.0,9.5,2.3858088813537535
Clemson,ACC,2023,67787017.0,9.25,1.025761663282438
Kansas,Big 12,2023,31326379.0,7.833333333333336,4.546512185941914
UTSA,American,2023,17814255.0,7.0,7.323679466105531
Fresno State,Mountain West,2023,18792911.0,5.333333333333336,5.314930572055367
Utah,Pac-12,2023,43371848.0,4.75,-0.6178779561234506
West Virginia,Big 12,2023,23220348.0,4.083333333333332,2.7117849644517555
Wyoming,Mountain West,2023,15712482.0,3.1666666666666643,4.293368188698402
Boise State,Mountain West,2023,20475343.0,8.076923076923073,7.510085597729834
App State,Sun Belt,2023,12186327.0,6.384615384615383,9.13689384937491
Texas A&M,SEC,2023,82167511.0,12.833333333333332,3.378503343528397
Miami,ACC,2023,78100431.0,10.000000000000004,0.8698775453647478
Duke,ACC,2023,44119045.0,8.0,2.522865894635686
UCLA,Pac-12,2023,45783508.0,7.666666666666668,1.952659970729652
San José State,Mountain West,2023,8889840.0,7.583333333333336,12.353059910415858
USC,Pac-12,2023,74868267.0,6.916666666666671,-1.9431106750890308
Maryland,Big Ten,2023,37007117.0,6.333333333333332,1.9805601540109912
Iowa State,Big 12,2023,30019709.0,4.583333333333332,1.5690380959299581
Wisconsin,Big Ten,2023,42297448.0,3.916666666666664,-1.290766125030253
Kentucky,SEC,2023,46617232.0,3.75,-2.079437494660141
Coastal Carolina,Sun Belt,2023,17343575.0,3.333333333333332,3.8282872927456744
Bowling Green,MAC,2023,10099082.0,2.833333333333332,6.787296774766521
Texas State,Sun Belt,2023,14291224.0,2.1666666666666643,3.899805941766239
Western Kentucky,Conference USA,2023,11025519.0,1.6666666666666643,5.059234383717531
Northwestern,Big Ten,2023,39114872.0,-1.083333333333332,-5.790417065676866
South Alabama,Sun Belt,2023,14499007.0,9.0,10.640810842286811
UCF,Big 12,2023,30249823.0,7.083333333333332,4.02019418918923
Auburn,SEC,2023,60089633.0,5.333333333333332,-2.1199299709062096
Virginia Tech,ACC,2023,38930135.0,4.333333333333332,-0.34346923019644393
Northern Illinois,MAC,2023,9254076.0,4.083333333333332,8.596213646986232
Louisiana,Sun Belt,2023,14747542.0,4.083333333333332,5.615429933188228
Rice,American,2023,17681106.0,3.583333333333332,3.9550006623025986
Syracuse,ACC,2023,43995922.0,1.75,-3.7092588255397203
Rutgers,Big Ten,2023,61952063.0,1.583333333333332,-6.065169837319129
Georgia Southern,Sun Belt,2023,11165922.0,1.3333333333333357,4.644961695444984
Georgia Tech,ACC,2023,37704644.0,0.6666666666666679,-3.8055459446284807
Utah State,Mountain West,2023,17406324.0,0.25,0.7218537033029264
Texas Tech,Big 12,2023,34401458.0,-0.1666666666666678,-4.05243311946354
California,Pac-12,2023,45082235.0,-1.083333333333332,-6.6986078735787835
Old Dominion,Sun Belt,2023,14079638.0,-3.333333333333332,-1.5047859006106172
Arkansas State,Sun Belt,2023,10096300.0,-3.416666666666668,0.5390590271899818
Eastern Michigan,MAC,2023,11290296.0,-3.666666666666668,-0.4258916706375082
South Florida,American,2023,31067491.0,-4.083333333333332,-7.317073914189127
Boston College,ACC,2023,38139875.0,-4.5,-9.045624001299771
Marshall,Sun Belt,2023,15542536.0,-4.916666666666668,-3.720405311060727
Georgia State,Sun Belt,2023,10836069.0,-5.0,-1.4965692293722697
Washington State,Pac-12,2023,20256043.0,3.5833333333333357,3.0853732470483024
TCU,Big 12,2023,54129228.0,3.5,-3.28507988891387
Florida,SEC,2023,45681605.0,0.8333333333333357,-4.866420741673117
Nebraska,Big Ten,2023,52429432.0,-0.25,-6.830996360845532
South Carolina,SEC,2023,47559965.0,-0.3333333333333321,-6.290832897668739
North Texas,American,2023,13287352.0,-2.5833333333333357,-0.38432755391159645
Colorado State,Mountain West,2023,18194689.0,-3.5,-3.311480526050417
Mississippi State,SEC,2023,35559188.0,-4.75,-8.847483673734857
Illinois,Big Ten,2023,38984930.0,-4.916666666666668,-9.602465917499156
BYU,Big 12,2023,35188112.0,-6.75,-10.78038405700552
Minnesota,Big Ten,2023,45200853.0,-6.75,-12.382082209853223
Central Michigan,MAC,2023,10251410.0,-7.916666666666664,-4.05846143061553
Hawai'i,Mountain West,2023,13876434.0,-10.84615384615385,-8.924618433884586
Arkansas,SEC,2023,57117597.0,-1.3333333333333357,-8.462140621602849
Florida Atlantic,American,2023,16688417.0,-1.75,-1.0087398097474392
Middle Tennessee,Conference USA,2023,16235857.0,-3.833333333333332,-2.9162199037382557
Ball State,MAC,2023,7707586.0,-6.166666666666668,-0.48415350041566896
San Diego State,Mountain West,2023,23539311.0,-6.25,-7.708813102763273
Purdue,Big Ten,2023,31387598.0,-6.5,-9.799308923025023
Colorado,Pac-12,2023,38459488.0,-6.666666666666668,-11.265668982732375
Wake Forest,ACC,2023,32478209.0,-6.916666666666668,-10.434453106074113
UAB,American,2023,14865442.0,-6.9999999999999964,-5.518836134043834
Houston,Big 12,2023,26934492.0,-7.833333333333332,-10.153965854488039
New Mexico,Mountain West,2023,13821744.0,-7.833333333333336,-5.88653867717057
Western Michigan,MAC,2023,9231882.0,-8.083333333333332,-3.555094233695403
Tulsa,American,2023,15815741.0,-10.416666666666668,-9.331863119749482
Florida International,Conference USA,2023,11012712.0,-11.75,-8.349998090698222
Michigan State,Big Ten,2023,57039591.0,-12.416666666666666,-19.536732416442995
Cincinnati,Big 12,2023,30400338.0,-5.916666666666668,-9.011553474925304
Sam Houston,Conference USA,2023,7088562.0,-6.166666666666668,0.0513662076043353
Buffalo,MAC,2023,11996469.0,-6.5,-3.6472843870319878
Pittsburgh,ACC,2023,42593983.0,-7.166666666666664,-12.418786019305905
Louisiana Tech,Conference USA,2023,10946827.0,-7.4999999999999964,-4.061616082382653
Indiana,Big Ten,2023,61330602.0,-7.75,-15.334015215710949
UTEP,Conference USA,2023,13148049.0,-8.583333333333332,-6.316914865496049
Baylor,Big 12,2023,38996269.0,-10.250000000000004,-14.937659400591958
Virginia,ACC,2023,30394907.0,-10.5,-13.593744000312583
UConn,FBS Independents,2023,17751690.0,-10.75,-10.403816488004153
Charlotte,American,2023,14487211.0,-11.083333333333332,-9.437316465508918
Southern Miss,Sun Belt,2023,9034727.0,-12.583333333333332,-7.917014548498631
Arizona State,Pac-12,2023,40162578.0,-14.083333333333332,-18.959491562965358
Temple,American,2023,26008180.0,-14.583333333333332,-16.680114968907848
Massachusetts,FBS Independents,2023,11529030.0,-14.666666666666668,-11.559733038938656
Stanford,Pac-12,2023,33719431.0,-17.083333333333332,-20.841014620819895
East Carolina,American,2023,15316764.0,-5.083333333333336,-3.7934765099712635
Akron,MAC,2023,7854373.0,-11.75,-6.188156821468567
Vanderbilt,SEC,2023,43613902.0,-13.333333333333332,-18.736809513572073
Nevada,Mountain West,2023,13562661.0,-16.083333333333332,-14.0155034953513
UL Monroe,Sun Belt,2023,7453549.0,-17.583333333333332,-11.686447717958334
Kent State,MAC,2023,9870490.0,-19.91666666666667,-15.816258308600638
Oregon,Big Ten,2024,60847472.0,18.15384615384615,10.044190172837279
Boise State,Mountain West,2024,25752831.0,17.153846153846157,15.512085514780122
Indiana,Big Ten,2024,50207544.0,28.66666666666667,22.002840550616853
Notre Dame,FBS Independents,2024,93255797.0,26.25,14.928488736505585
Texas,SEC,2024,70405628.0,21.153846153846153,11.946659748760048
SMU,ACC,2024,45315587.0,17.692307692307693,11.799627807595769
Penn State,Big Ten,2024,77386097.0,17.23076923076923,7.312467076961216
Georgia,SEC,2024,71107704.0,12.76923076923077,3.487404148451528
Arizona State,Big 12,2024,50352139.0,11.769230769230774,5.083771878275229
Ohio State,Big Ten,2024,92359309.0,24.583333333333336,13.334485700214366
Tennessee,SEC,2024,61240437.0,23.333333333333336,15.17525283871202
Miami,ACC,2024,88117956.0,20.249999999999996,9.354778572678097
Memphis,American,2024,22026675.0,12.416666666666664,11.950574043409382
BYU,Big 12,2024,44561032.0,10.666666666666668,4.900296547950159
UNLV,Mountain West,2024,20854643.0,14.30769230769231,14.25290287265462
Clemson,ACC,2024,81136726.0,13.230769230769234,2.956445828240142
Ohio,MAC,2024,10812487.0,11.76923076923077,16.65567338424817
Louisiana,Sun Belt,2024,14846554.0,9.692307692307695,12.193673402893397
Marshall,Sun Belt,2024,13569649.0,8.76923076923077,11.947096263548598
Iowa State,Big 12,2024,32337385.0,8.69230769230769,5.337866569364831
Ole Miss,SEC,2024,61846036.0,23.583333333333336,15.35123082789817
Alabama,SEC,2024,81502191.0,18.25,7.941869755699571
South Carolina,SEC,2024,55859501.0,13.75,6.283734024793404
Colorado,Big 12,2024,42805019.0,12.5,7.036060715031709
Missouri,SEC,2024,49316139.0,9.0,2.4709282336052922
Illinois,Big Ten,2024,48001399.0,6.833333333333336,0.5075242896832819
Duke,ACC,2024,47363558.0,4.666666666666664,-1.5585158131137788
Syracuse,ACC,2024,42090055.0,3.916666666666668,-1.4205673994459183
Sam Houston,Conference USA,2024,9740021.0,3.166666666666668,8.838880125490473
Liberty,Conference USA,2024,22964576.0,7.454545454545453,6.674781805671174
Tulane,American,2024,22676121.0,17.46153846153846,16.77686027836132
Jacksonville State,Conference USA,2024,14998859.0,10.846153846153848,13.270744014920803
Louisville,ACC,2024,30745125.0,13.333333333333336,10.3587139579491
James Madison,Sun Belt,2024,16863958.0,13.083333333333336,14.626271842616028
Iowa,Big Ten,2024,50894414.0,10.916666666666668,4.150628002334042
Baylor,Big 12,2024,41050130.0,9.416666666666664,4.267622467293229
Texas A&M,SEC,2024,60230146.0,9.166666666666664,1.1337180420415862
Washington State,Pac-12,2024,22896016.0,8.666666666666668,7.909394290318655
UConn,FBS Independents,2024,20479873.0,8.500000000000004,8.581620629717936
Kansas State,Big 12,2024,27087822.0,7.833333333333332,5.811396304697627
TCU,Big 12,2024,59568339.0,6.9999999999999964,-0.9498359993359919
LSU,SEC,2024,50738587.0,5.583333333333332,-1.1596383449735974
Texas Tech,Big 12,2024,39745662.0,4.083333333333336,-0.8227899112487833
Buffalo,MAC,2024,14098031.0,1.083333333333332,3.97384920688258
Georgia Southern,Sun Belt,2024,11225441.0,0.8333333333333357,5.437831006471448
Colorado State,Mountain West,2024,21007541.0,0.6666666666666679,0.5569276480443044
Miami (OH),MAC,2024,11017434.0,3.6923076923076934,8.437501524597465
Western Kentucky,Conference USA,2024,11040244.0,1.0769230769230802,5.806559108661276
Texas State,Sun Belt,2024,21622408.0,12.833333333333336,12.506584666649822
Minnesota,Big Ten,2024,45452693.0,8.833333333333332,2.917928378228897
Bowling Green,MAC,2024,10984685.0,6.5,11.267587045069249
Northern Illinois,MAC,2024,13199127.0,5.833333333333332,9.219453990028189
Toledo,MAC,2024,12624282.0,5.333333333333336,9.05441286402651
Boston College,ACC,2024,41224780.0,5.166666666666668,-0.014313816472327545
Pittsburgh,ACC,2024,47141722.0,5.083333333333332,-1.1065341389898542
East Carolina,American,2024,16473046.0,4.666666666666668,6.386028050401077
Georgia Tech,ACC,2024,42709508.0,4.25,-1.1971359212927268
Rutgers,Big Ten,2024,75922954.0,4.083333333333336,-5.691381954366086
Florida,SEC,2024,51766013.0,3.5833333333333357,-3.310439369822099
Michigan,Big Ten,2024,61663186.0,1.75,-6.459829519234603
San José State,Mountain West,2024,11937986.0,1.083333333333332,5.224886345408098
Arkansas State,Sun Belt,2024,11536628.0,-7.416666666666668,-3.0178619032632206
South Alabama,Sun Belt,2024,13932976.0,9.416666666666668,12.395771082714486
Virginia Tech,ACC,2024,37803976.0,6.916666666666668,2.3873101593314168
USC,Big Ten,2024,74014972.0,6.25,-3.3332593810486344
Arkansas,SEC,2024,57370871.0,5.333333333333332,-2.3337569174380057
North Carolina,ACC,2024,49145749.0,4.166666666666668,-2.336370018952426
Nebraska,Big Ten,2024,70574668.0,4.0,-5.2252254618919665
California,ACC,2024,46721911.0,3.916666666666664,-2.205912142172814
Vanderbilt,SEC,2024,44124525.0,3.5833333333333357,-2.1089869028784065
Oklahoma,SEC,2024,71184826.0,2.75,-6.539980772292466
South Florida,American,2024,33352743.0,2.416666666666668,-1.170335104129368
Fresno State,Mountain West,2024,17708178.0,2.0,3.175488451243467
UTSA,American,2024,17853035.0,0.916666666666668,2.0308710091768454
Washington,Big Ten,2024,68921774.0,-0.3333333333333321,-9.380286132730408
North Texas,American,2024,15382425.0,-0.5,1.7346400334807583
Coastal Carolina,Sun Belt,2024,17052582.0,-0.75,0.7092679949334979
NC State,ACC,2024,40535367.0,-1.333333333333332,-6.387452080443342
Western Michigan,MAC,2024,11409469.0,-2.0,2.4821777341544617
West Virginia,Big 12,2024,35250569.0,-2.583333333333332,-6.58663344906434
App State,Sun Belt,2024,13288981.0,-6.27272727272727,-2.9376419186927087
Auburn,SEC,2024,58724402.0,6.416666666666668,-1.4258342109436235
Kansas,Big 12,2024,34516494.0,3.666666666666668,-0.17833065782578572
Utah,Big 12,2024,41410554.0,2.9166666666666643,-2.298136061319063
Louisiana Tech,Conference USA,2024,11122188.0,1.666666666666668,6.34067587311328
Cincinnati,Big 12,2024,30429185.0,0.5833333333333357,-2.313585875859623
Old Dominion,Sun Belt,2024,14787371.0,0.0,2.531412005658069
Wisconsin,Big Ten,2024,40903448.0,-0.5,-5.622116954510858
Eastern Michigan,MAC,2024,11079719.0,-2.0,2.702787486700572
Hawai'i,Mountain West,2024,13857022.0,-3.666666666666668,-0.6464429453701506
New Mexico,Mountain West,2024,14730964.0,-4.5,-1.939838896166222
Oregon State,Pac-12,2024,23847865.0,-5.666666666666668,-6.730337010878184
Virginia,ACC,2024,33611796.0,-6.083333333333332,-9.728535838052
Michigan State,Big Ten,2024,48227813.0,-6.75,-13.111207123238415
UCLA,Big Ten,2024,55205071.0,-6.833333333333332,-14.210950024837803
UL Monroe,Sun Belt,2024,7772886.0,-7.75,-0.38073504860983576
Charlotte,American,2024,15571390.0,-11.416666666666668,-9.27387155238618
UCF,Big 12,2024,38695138.0,3.5,-1.2046244355327076
Florida International,Conference USA,2024,12834881.0,0.5833333333333321,4.179960072863739
Kentucky,SEC,2024,43281917.0,-1.5,-7.047283458657148
Troy,Sun Belt,2024,10281345.0,-2.416666666666668,2.8486802401016185
Rice,American,2024,19591289.0,-3.25,-2.834706954191887
Utah State,Mountain West,2024,17310081.0,-5.833333333333332,-4.486805697862483
Maryland,Big Ten,2024,35502618.0,-6.75,-10.806895002904156
Wake Forest,ACC,2024,39399925.0,-6.833333333333332,-11.673735531547681
Central Michigan,MAC,2024,11608428.0,-7.083333333333336,-2.7311998973882865
Northwestern,Big Ten,2024,37901761.0,-8.5,-13.048788898409526
Houston,Big 12,2024,23271364.0,-8.916666666666668,-9.796257219588451
Arizona,Big 12,2024,37795880.0,-10.0,-14.527745371768873
Akron,MAC,2024,7630898.0,-11.583333333333332,-4.075386708192969
Florida Atlantic,American,2024,19330509.0,-4.333333333333332,-3.8172379884492393
UAB,American,2024,13162064.0,-8.083333333333332,-4.676060338518798
San Diego State,Mountain West,2024,22274021.0,-8.25,-8.80009303350181
Oklahoma State,Big 12,2024,32830617.0,-8.416666666666668,-11.88497736049116
Wyoming,Mountain West,2024,13091901.0,-9.0,-5.552520452872898
Georgia State,Sun Belt,2024,12260120.0,-10.000000000000004,-6.058738894058738
Stanford,ACC,2024,35992019.0,-10.833333333333332,-14.993214936705403
UTEP,Conference USA,2024,11062136.0,-12.833333333333336,-8.118598770889385
New Mexico State,Conference USA,2024,11779202.0,-14.666666666666668,-10.42438974305794
Ball State,MAC,2024,7990057.0,-14.750000000000004,-7.588023238332585
Temple,American,2024,26295531.0,-15.833333333333332,-17.631967999920636
Middle Tennessee,Conference USA,2024,13297458.0,-16.166666666666668,-12.836378255857124
Tulsa,American,2024,20723869.0,-17.5,-17.507470337955084
Nevada,Mountain West,2024,12983551.0,-5.692307692307693,-2.182313449423418
Mississippi State,SEC,2024,37575575.0,-8.250000000000004,-12.733770837996733
Florida State,ACC,2024,83267924.0,-12.583333333333334,-23.052693545177952
Massachusetts,FBS Independents,2024,13419026.0,-13.0,-9.73816979595206
Kennesaw State,Conference USA,2024,11495596.0,-14.666666666666668,-10.241059741627279
Southern Miss,Sun Belt,2024,11033253.0,-22.5,-17.765599101875594
Purdue,Big Ten,2024,37193229.0,-24.166666666666664,-28.57350277092761
Kent State,MAC,2024,10351311.0,-30.16666666666667,-24.95233690183484
Indiana,Big Ten,2025,50207544.0,31.076923076923073,24.2535223856029
Texas Tech,Big 12,2025,39745662.0,31.538461538461537,26.34227759563645
Ohio State,Big Ten,2025,92359309.0,26.769230769230766,15.701185589985634
James Madison,Sun Belt,2025,16863958.0,21.46153846153846,22.2356589816089
Georgia,SEC,2025,71107704.0,16.0,6.752950614684622
Oregon,Big Ten,2025,60847472.0,23.33333333333333,15.171436466165602
Ole Miss,SEC,2025,61846036.0,17.166666666666668,8.891413305306553
Texas A&M,SEC,2025,60230146.0,14.416666666666668,6.325782652164019
North Texas,American,2025,15382425.0,19.846153846153843,21.260626227397953
BYU,Big 12,2025,44561032.0,12.923076923076923,6.930508025687136
Tulane,American,2025,22676121.0,6.46153846153846,5.173413280109237
Notre Dame,FBS Independents,2025,93255797.0,24.416666666666668,13.281352167747112
Utah,Big 12,2025,41410554.0,22.416666666666668,16.934718597569326
Miami,ACC,2025,88117956.0,20.25,9.509328971483356
Vanderbilt,SEC,2025,44124525.0,17.499999999999996,11.57598376358143
Oklahoma,SEC,2025,71184826.0,12.500000000000002,3.2454018007596677
Alabama,SEC,2025,81502191.0,13.846153846153848,3.6489902678518096
Virginia,ACC,2025,33611796.0,11.615384615384611,7.586514773103344
UNLV,Mountain West,2025,20854643.0,7.076923076923073,6.371925759309228
Kennesaw State,Conference USA,2025,11495596.0,4.0,7.442789043414351
South Florida,American,2025,33352743.0,19.666666666666668,15.691676925824023
USC,Big Ten,2025,74014972.0,14.083333333333332,4.55722857181215
Arizona,Big 12,2025,37795880.0,13.666666666666668,8.820771058631376
Old Dominion,Sun Belt,2025,14787371.0,13.416666666666664,15.105879637716832
San Diego State,Mountain West,2025,22274021.0,12.083333333333334,10.91980213943487
UConn,FBS Independents,2025,20479873.0,11.083333333333332,10.504619442592588
Texas,SEC,2025,70405628.0,9.833333333333332,0.6553831177688387
Michigan,Big Ten,2025,61663186.0,8.916666666666664,0.6620328177240751
Georgia Tech,ACC,2025,42709508.0,8.083333333333336,2.38629972872409
Houston,Big 12,2025,23271364.0,6.5,5.031432106844122
New Mexico,Mountain West,2025,14730964.0,5.416666666666668,7.132494496698424
Boise State,Mountain West,2025,25752831.0,8.384615384615383,6.210458424326529
Western Michigan,MAC,2025,11409469.0,5.384615384615387,8.879775604957445
Toledo,MAC,2025,12624282.0,19.416666666666664,22.207230129487577
Washington,Big Ten,2025,68921774.0,14.333333333333332,5.303721503670904
Iowa,Big Ten,2025,50894414.0,13.750000000000002,6.831974686297956
East Carolina,American,2025,16473046.0,13.166666666666668,14.104113002940476
Missouri,SEC,2025,49316139.0,12.749999999999996,6.051349935336216
SMU,ACC,2025,45315587.0,12.249999999999996,6.140498161290832
Memphis,American,2025,22026675.0,12.083333333333336,10.99756663345098
Tennessee,SEC,2025,61240437.0,12.0,3.7932734970235344
Pittsburgh,ACC,2025,47141722.0,10.166666666666668,3.7820394766505068
Louisville,ACC,2025,30745125.0,9.083333333333336,5.675264718053576
Iowa State,Big 12,2025,32337385.0,7.25,3.4903063637324863
Fresno State,Mountain West,2025,17708178.0,6.333333333333336,6.76728208809417
Western Kentucky,Conference USA,2025,11040244.0,6.333333333333332,10.057581355100044
Illinois,Big Ten,2025,48001399.0,6.083333333333332,-0.4271435695499086
Ohio,MAC,2025,10812487.0,5.75,9.619413796214786
TCU,Big 12,2025,59568339.0,5.583333333333332,-2.430608065851839
Wake Forest,ACC,2025,39399925.0,5.333333333333332,0.19799152094691763
Hawai'i,Mountain West,2025,13857022.0,5.0,7.141736900696671
Arizona State,Big 12,2025,50352139.0,1.666666666666668,-5.176760852972681
Duke,ACC,2025,47363558.0,5.307692307692307,-1.109628218917024
Jacksonville State,Conference USA,2025,14998859.0,2.8461538461538467,4.436475084752622
Troy,Sun Belt,2025,10281345.0,-0.1538461538461533,4.066343316472675
Clemson,ACC,2025,81136726.0,8.25,-1.915866446097823
Cincinnati,Big 12,2025,30429185.0,6.916666666666668,3.5805300109004854
Louisiana Tech,Conference USA,2025,11122188.0,6.333333333333336,10.006084083718513
Nebraska,Big Ten,2025,70574668.0,6.25,-2.9446501116834867
LSU,SEC,2025,50738587.0,3.5,-3.3966707454142977
Southern Miss,Sun Belt,2025,11033253.0,2.4166666666666643,6.145325826694467
Florida International,Conference USA,2025,12834881.0,1.5,4.175349640584898
NC State,ACC,2025,40535367.0,1.3333333333333357,-3.999859409058793
Central Michigan,MAC,2025,11608428.0,1.1666666666666643,4.541436652955149
Minnesota,Big Ten,2025,45452693.0,-0.1666666666666678,-6.29720654073078
California,ACC,2025,46721911.0,-1.666666666666668,-7.989000483905269
Missouri State,Conference USA,2025,6558020.0,-2.9166666666666643,4.434787044686253
Miami (OH),MAC,2025,11017434.0,3.0769230769230766,6.815573938918487
Penn State,Big Ten,2025,77386097.0,10.333333333333332,0.4970582807202
Texas State,Sun Belt,2025,21622408.0,5.5000000000000036,4.543232816258314
UTSA,American,2025,17853035.0,4.166666666666668,4.543880844858176
Utah State,Mountain West,2025,17310081.0,3.5,4.092290548326503
Kansas State,Big 12,2025,27087822.0,2.75,0.22388970417748055
Northwestern,Big Ten,2025,37901761.0,1.583333333333332,-3.282043598623627
Washington State,Pac-12,2025,22896016.0,1.4166666666666643,0.06133644797622395
Delaware,Conference USA,2025,10126804.0,-2.75,1.5756599445468567
Arkansas State,Sun Belt,2025,11536628.0,-2.9166666666666643,0.5013099200931421
Louisiana,Sun Belt,2025,14846554.0,-2.916666666666668,-1.2552694518319605
Georgia Southern,Sun Belt,2025,11225441.0,-6.333333333333332,-2.7249338069515296
Coastal Carolina,Sun Belt,2025,17052582.0,-11.083333333333332,-10.386671901777977
Florida State,ACC,2025,83267924.0,11.0,0.6535756405921376
Auburn,SEC,2025,58724402.0,6.083333333333332,-1.8312411531563093
Kansas,Big 12,2025,34516494.0,1.333333333333332,-2.8804992135528202
Mississippi State,SEC,2025,37575575.0,1.333333333333332,-3.4718522667576046
UCF,Big 12,2025,38695138.0,0.75,-4.259643747545553
Buffalo,MAC,2025,14098031.0,0.5,2.5216581401213034
Marshall,Sun Belt,2025,13569649.0,0.5,2.7876758631269496
Baylor,Big 12,2025,41050130.0,-1.5000000000000036,-6.921071238973628
Temple,American,2025,26295531.0,-1.8333333333333357,-4.1527185054719595
Rutgers,Big Ten,2025,75922954.0,-3.1666666666666643,-12.870014273356752
Kentucky,SEC,2025,43281917.0,-3.416666666666668,-9.20641318240855
App State,Sun Belt,2025,13288981.0,-4.5,-2.066775766280969
Akron,MAC,2025,7630898.0,-5.166666666666668,1.1296392401339865
Kent State,MAC,2025,10351311.0,-12.333333333333336,-8.160373658884403
Rice,American,2025,19591289.0,-12.416666666666668,-12.686478892179192
South Carolina,SEC,2025,55859501.0,0.5833333333333357,-6.9829367016488035
Liberty,Conference USA,2025,22964576.0,-0.916666666666668,-2.2928184792361286
Florida,SEC,2025,51766013.0,-2.416666666666668,-9.452943461150465
Maryland,Big Ten,2025,35502618.0,-3.0,-7.409999633414756
Bowling Green,MAC,2025,10984685.0,-3.75,0.009381675763123098
South Alabama,Sun Belt,2025,13932976.0,-3.916666666666668,-1.8129965082353117
Wyoming,Mountain West,2025,13091901.0,-4.5,-1.962725351161012
North Carolina,ACC,2025,49145749.0,-5.25,-11.924547743290702
Michigan State,Big Ten,2025,48227813.0,-5.333333333333336,-11.876580477937033
Eastern Michigan,MAC,2025,11079719.0,-5.666666666666668,-1.9672740416038828
Tulsa,American,2025,20723869.0,-5.75,-6.411191035820494
New Mexico State,Conference USA,2025,11779202.0,-6.0,-2.7269311372100873
Florida Atlantic,American,2025,19330509.0,-6.833333333333336,-7.00982649337363
Wisconsin,Big Ten,2025,40903448.0,-8.749999999999998,-14.146142984862804
West Virginia,Big 12,2025,35250569.0,-9.083333333333332,-13.443716789032539
Stanford,ACC,2025,35992019.0,-10.333333333333336,-14.838674178207818
UAB,American,2025,13162064.0,-11.833333333333332,-9.333280433621727
Ball State,MAC,2025,7990057.0,-13.999999999999998,-8.023980283462917
Northern Illinois,MAC,2025,13199127.0,-7.25,-4.7695291578801005
Middle Tennessee,Conference USA,2025,13297458.0,-8.5,-6.071216600101096
Virginia Tech,ACC,2025,37803976.0,-8.75,-13.59738713815696
Colorado,Big 12,2025,42805019.0,-9.583333333333332,-15.295922874755238
Nevada,Mountain West,2025,12983551.0,-9.916666666666668,-7.321518208997741
San José State,Mountain West,2025,11937986.0,-11.083333333333332,-7.903510967708858
Syracuse,ACC,2025,42090055.0,-14.749999999999996,-20.345290504371572
UCLA,Big Ten,2025,55205071.0,-15.249999999999996,-22.734201784697174
UL Monroe,Sun Belt,2025,7772886.0,-15.333333333333336,-9.165413825564507
Arkansas,SEC,2025,57370871.0,-0.9166666666666714,-8.668852438607502
UTEP,Conference USA,2025,11062136.0,-7.083333333333336,-3.372880544427879
Boston College,ACC,2025,41224780.0,-7.333333333333332,-12.783970010625087
Oregon State,Pac-12,2025,23847865.0,-11.25,-12.888982201688009
Colorado State,Mountain West,2025,21007541.0,-12.333333333333332,-13.089200956835203
Purdue,Big Ten,2025,37193229.0,-13.083333333333332,-17.817295583159538
Sam Houston,Conference USA,2025,9740021.0,-20.083333333333336,-15.486481755525112
Georgia State,Sun Belt,2025,12260120.0,-18.083333333333336,-15.088933856604932
Oklahoma State,Big 12,2025,32830617.0,-19.16666666666667,-23.0317765686127
Charlotte,American,2025,15571390.0,-22.0,-20.6705542709921
Massachusetts,MAC,2025,13419026.0,-27.5,-25.1345926930817
Miami,ACC,2026,88117956.0,42.75,20.084440031926675
Georgia,SEC,2026,71107704.0,41.5,21.461405923850123
Notre Dame,FBS Independents,2026,93255797.0,34.0,10.640345285149465
Indiana,Big Ten,2026,50207544.0,33.75,17.97409352088053
Utah,Big 12,2026,41410554.0,33.0,19.58342615391456
James Madison,Sun Belt,2026,16863958.0,32.5,30.08653318311744
Pittsburgh,ACC,2026,47141722.0,30.75,15.745803697585671
Florida,SEC,2026,51766013.0,30.75,14.59968929022287
Nebraska,Big Ten,2026,70574668.0,30.5,10.553565210118592
BYU,Big 12,2026,44561032.0,28.333333333333336,14.018684994463364
Alabama,SEC,2026,81502191.0,27.75,6.040355166270814
Virginia Tech,ACC,2026,37803976.0,27.25,14.949485183666411
UCLA,Big Ten,2026,55205071.0,26.0,9.061883571962966
Duke,ACC,2026,47363558.0,25.25,10.188303004211036
Iowa,Big Ten,2026,50894414.0,24.75,8.807668739434177
Massachusetts,MAC,2026,13419026.0,23.5,23.885271493013846
North Dakota State,Mountain West,2026,8353482.0,22.75,28.94077887016337
Mississippi State,SEC,2026,37575575.0,22.0,9.773708800866103
Cincinnati,Big 12,2026,30429185.0,20.0,10.357456490833982
Texas,SEC,2026,70405628.0,20.0,0.08293681015058496
Texas Tech,Big 12,2026,39745662.0,17.75,4.836025065941271
South Florida,American,2026,33352743.0,16.0,5.23384846594692
USC,Big Ten,2026,74014972.0,13.4,-7.129393709770147
Ohio State,Big Ten,2026,92359309.0,32.75,9.508657850558507
Virginia,ACC,2026,33611796.0,27.5,16.639084715450338
New Mexico,Mountain West,2026,14730964.0,27.5,26.74279800406717
Kansas State,Big 12,2026,27087822.0,25.25,17.032122254628206
Penn State,Big Ten,2026,77386097.0,25.25,4.175082074578967
Tennessee,SEC,2026,61240437.0,24.5,6.291114766736513
Oregon,Big Ten,2026,60847472.0,24.25,6.119960654349967
Houston,Big 12,2026,23271364.0,24.0,17.64211660708932
LSU,SEC,2026,50738587.0,23.25,7.345226927469298
UCF,Big 12,2026,38695138.0,21.0,8.414109981356546
Oklahoma State,Big 12,2026,32830617.0,17.5,6.927103960271978
Georgia State,Sun Belt,2026,12260120.0,17.5,18.991536244799732
Toledo,MAC,2026,12624282.0,17.25,18.383031627169146
Baylor,Big 12,2026,41050130.0,16.75,3.4404956765552868
Minnesota,Big Ten,2026,45452693.0,16.0,1.4426897718566636
Missouri,SEC,2026,49316139.0,15.0,-0.556496401129408
Arizona,Big 12,2026,37795880.0,13.0,0.7021084710124512
Boise State,Pac-12,2026,25752831.0,12.5,4.90113404533443
App State,Sun Belt,2026,13288981.0,12.5,13.004547184024005
SMU,ACC,2026,45315587.0,12.25,-2.2703087548705696
Wisconsin,Big Ten,2026,40903448.0,11.75,-1.5156607747170767
Liberty,Conference USA,2026,22964576.0,11.75,5.554657028668515
West Virginia,Big 12,2026,35250569.0,11.5,0.05602209104253575
Louisiana,Sun Belt,2026,14846554.0,11.5,10.64706601581571
Washington,Big Ten,2026,68921774.0,11.25,-8.406167211271793
Michigan,Big Ten,2026,61663186.0,10.5,-7.793144164833251
Kentucky,SEC,2026,43281917.0,9.5,-4.4579264868982875
Fresno State,Pac-12,2026,17708178.0,9.25,6.238242693065047
Auburn,SEC,2026,58724402.0,9.25,-8.445051367732049
Tulsa,American,2026,20723869.0,8.5,3.5621224538193985
Memphis,American,2026,22026675.0,7.5,1.8153832825519487
Vanderbilt,SEC,2026,44124525.0,6.5,-7.694078646410219
UTSA,American,2026,17853035.0,6.0,2.8884585220075962
Ole Miss,SEC,2026,61846036.0,4.75,-13.579409544406104
Wake Forest,ACC,2026,39399925.0,3.5,-9.306966440855717
Florida Atlantic,American,2026,19330509.0,-0.75,-4.835396067113834
Clemson,ACC,2026,81136726.0,-1.0,-22.654599769813757
Marshall,Sun Belt,2026,13569649.0,-9.0,-8.75144174524118
Northwestern,Big Ten,2026,37901761.0,14.666666666666664,2.3345115919514186
Arizona State,Big 12,2026,50352139.0,14.0,-1.8111294521912384
North Carolina,ACC,2026,49145749.0,9.666666666666666,-5.847438827467348
Jacksonville State,Conference USA,2026,14998859.0,5.599999999999998,4.622058343252295
TCU,Big 12,2026,59568339.0,16.75,-1.119816839044745
Iowa State,Big 12,2026,32337385.0,14.75,4.362508969399897
South Carolina,SEC,2026,55859501.0,13.75,-3.3324571955197086
NC State,ACC,2026,40535367.0,13.25,0.09505544355110374
Louisville,ACC,2026,30745125.0,12.5,2.730943323967722
UConn,FBS Independents,2026,20479873.0,12.5,7.707182381126927
Texas A&M,SEC,2026,60230146.0,9.75,-8.255142694152994
North Texas,American,2026,15382425.0,9.25,7.962777239495409
Oregon State,Pac-12,2026,23847865.0,9.25,2.5923937301161573
Illinois,Big Ten,2026,48001399.0,7.5,-7.725539441565417
Florida State,ACC,2026,83267924.0,6.75,-15.22216311120036
Maryland,Big Ten,2026,35502618.0,6.5,-5.031242315669601
Colorado State,Pac-12,2026,21007541.0,6.0,0.8956062763558634
Oklahoma,SEC,2026,71184826.0,6.0,-14.05187084995373
Middle Tennessee,Conference USA,2026,13297458.0,4.75,5.246736692638677
Western Michigan,MAC,2026,11409469.0,4.0,6.3722689253116584
Florida International,Conference USA,2026,12834881.0,3.5,4.430394779564665
California,ACC,2026,46721911.0,2.5,-12.39463537959
Texas State,Pac-12,2026,21622408.0,2.5,-2.9577337377331787
Arkansas State,Sun Belt,2026,11536628.0,1.5,3.7365191698376066
Michigan State,Big Ten,2026,48227813.0,0.75,-14.533175394861615
South Alabama,Sun Belt,2026,13932976.0,0.5,0.4249309744800769
UNLV,Mountain West,2026,20854643.0,-0.25,-5.264923569614297
Troy,Sun Belt,2026,10281345.0,-0.25,3.3974426743031643
Ohio,MAC,2026,10812487.0,-0.75,2.2805021420189746
East Carolina,American,2026,16473046.0,-1.25,-3.3762111049759937
Delaware,Conference USA,2026,10126804.0,-1.25,2.582943024852568
Miami (OH),MAC,2026,11017434.0,-2.0,0.8005176813051662
Wyoming,Mountain West,2026,13091901.0,-2.75,-2.062450050312549
Colorado,Big 12,2026,42805019.0,-3.0,-16.822223619451762
Boston College,ACC,2026,41224780.0,-3.25,-16.611503702534463
UAB,American,2026,13162064.0,-4.0,-3.377915267585223
San José State,Mountain West,2026,11937986.0,-4.0,-2.1823439463925354
Arkansas,SEC,2026,57370871.0,-4.0,-21.40944382026865
Tulane,American,2026,22676121.0,-4.5,-10.54052266684613
Buffalo,MAC,2026,14098031.0,-12.0,-12.219310892802014
Stanford,ACC,2026,35992019.0,-12.5,-24.19892742637981
Central Michigan,MAC,2026,11608428.0,-15.75,-13.589472140452216
Kent State,MAC,2026,10351311.0,-19.75,-16.18562458934923
Eastern Michigan,MAC,2026,11079719.0,-8.2,-5.468529289102957
Syracuse,ACC,2026,42090055.0,15.333333333333336,1.7174140151678259
Louisiana Tech,Sun Belt,2026,11122188.0,8.666666666666664,11.35127993117252
Kansas,Big 12,2026,34516494.0,7.0,-4.1862257261107345
Rutgers,Big Ten,2026,75922954.0,5.25,-15.591126544498138
Sam Houston,Conference USA,2026,9740021.0,3.75,8.059911990852356
Nevada,Mountain West,2026,12983551.0,3.0,3.789337790352448
Coastal Carolina,Sun Belt,2026,17052582.0,1.5,-1.0497010395686175
Georgia Tech,ACC,2026,42709508.0,1.0,-12.794864002905115
Temple,American,2026,26295531.0,0.25,-7.604291792133154
Georgia Southern,Sun Belt,2026,11225441.0,-0.5,2.0714330147887665
Kennesaw State,Conference USA,2026,11495596.0,-0.75,1.530159055228296
Washington State,Pac-12,2026,22896016.0,-2.5,-8.658722173029162
New Mexico State,Conference USA,2026,11779202.0,-3.5,-1.518342996948661
Southern Miss,Sun Belt,2026,11033253.0,-5.0,-2.217055618057941
San Diego State,Pac-12,2026,22274021.0,-5.75,-11.571388084087573
Purdue,Big Ten,2026,37193229.0,-7.5,-19.601024326692936
Old Dominion,Sun Belt,2026,14787371.0,-7.75,-8.554011927404588
Missouri State,Conference USA,2026,6558020.0,-8.0,1.1546769844367475
Hawai'i,Mountain West,2026,13857022.0,-8.0,-8.008117643285459
Utah State,Pac-12,2026,17310081.0,-9.0,-11.733267441140356
Rice,American,2026,19591289.0,-11.25,-15.499524648925444
Akron,MAC,2026,7630898.0,-12.25,-4.951105774278403
UTEP,Mountain West,2026,11062136.0,-17.75,-14.999076790335266
Western Kentucky,Conference USA,2026,11040244.0,-19.5,-16.72481388120923
Ball State,MAC,2026,7990057.0,-19.5,-12.76442172601648
Sacramento State,MAC,2026,10126065.0,-11.0,-7.166163146609762
Charlotte,American,2026,15571390.0,-16.5,-17.936766733936963
UL Monroe,Sun Belt,2026,7772886.0,-21.5,-14.426910410130233
Northern Illinois,Mountain West,2026,13199127.0,-22.5,-21.912355982622557
Bowling Green,MAC,2026,10984685.0,-28.0,-25.163021183488695
