money_metric,log_scale,performance_metric,n,pearson_r,pearson_p,spearman_rho,spearman_p,r_squared
talent_composite,False,win_pct,19,0.6898819869635828,0.001080938777853121,0.6922679145839538,0.0010215655278578437,0.47593715593682107
talent_composite,False,points_per_game,19,0.5905265406751551,0.0077672558163833765,0.6371216058714192,0.003347791048443276,0.3487215952417656
talent_composite,False,point_margin_per_game,19,0.5728184012755124,0.010363991858558838,0.6438596491228071,0.0029312928784330345,0.32812092083983396
dept_total_revenue,True,point_margin_per_game,135,0.5494700440305275,5.151237649804702e-12,0.531482908752191,3.3043371880754604e-11,0.3019173292869098
football_revenue,True,point_margin_per_game,135,0.5439123408562896,9.25629804936467e-12,0.5469207282423888,6.749055377354092e-12,0.29584063453576853
mens_coaching_payroll,True,point_margin_per_game,135,0.5431192588866482,1.0054921937357938e-11,0.52900261453078,4.233454044149499e-11,0.29497852937358204
dept_total_expenses,True,point_margin_per_game,135,0.5412152510433816,1.2254148981555799e-11,0.5188399930749106,1.1445339387893153e-10,0.29291394796195064
football_expenses,True,point_margin_per_game,135,0.5378956481719854,1.724942037043608e-11,0.5289001835009873,4.276812460526418e-11,0.2893317283223603
football_nonoperating_spend,True,point_margin_per_game,135,0.53706706102792,1.877528711500673e-11,0.5280587857562609,4.649597545834427e-11,0.28844102804116756
football_spend_per_player,True,point_margin_per_game,135,0.5237021814742882,7.141002050245859e-11,0.5138623327937898,1.8409261307680463e-10,0.27426397488092824
recruiting_expenses_men,True,point_margin_per_game,135,0.5164700599964535,1.4365419280814926e-10,0.5183473485982881,1.200068864505603e-10,0.2667413228727402
avg_head_coach_salary_men,True,point_margin_per_game,135,0.5096580077111731,2.7340029215565083e-10,0.5102455419084876,2.587833672367608e-10,0.2597512848241222
mens_coaching_payroll,True,win_pct,135,0.4845859390793021,2.5944831070567805e-09,0.476111802595223,5.332405208178563e-09,0.23482353235336909
mens_coaching_payroll,True,points_per_game,135,0.4843521427514774,2.6472656036944987e-09,0.45479224449449235,3.002274232597379e-08,0.23459699818794758
dept_total_revenue,True,win_pct,135,0.4796884470002442,3.943736661032898e-09,0.4560303619710085,2.724288458404136e-08,0.2301010061855061
football_expenses,True,points_per_game,135,0.4780180830381429,4.5423629952624506e-09,0.4574312946467641,2.4395197926659293e-08,0.2285012877114609
football_nonoperating_spend,True,win_pct,135,0.47639551497521254,5.2069735363952055e-09,0.46345493398764115,1.5089191252506975e-08,0.22695268668849797
avg_head_coach_salary_men,True,points_per_game,135,0.4763264429061468,5.237246940030671e-09,0.461321576525575,1.790686005306436e-08,0.2268868802116227
football_nonoperating_spend,True,points_per_game,135,0.47416115080379617,6.2769088330639696e-09,0.45648738299340996,2.6280559963782834e-08,0.22482879693158034
dept_total_revenue,True,points_per_game,135,0.47325172726195397,6.770383106637899e-09,0.4394920951366361,9.667354623193018e-08,0.22396719735642287
recruiting_expenses_men,True,win_pct,135,0.4730661576261632,6.875560918473317e-09,0.4495375687993394,4.5152979218607415e-08,0.2237915894911819
football_revenue,True,win_pct,135,0.4715533987958884,7.793567453823153e-09,0.46506392079950126,1.3251068372492813e-08,0.2223626079159542
football_expenses,True,win_pct,135,0.4713174368416163,7.946983017562056e-09,0.45832149987361126,2.273651071946007e-08,0.22214012627095098
dept_total_expenses,True,win_pct,135,0.4707327748987062,8.339721665807152e-09,0.4417694496754125,8.152411234189625e-08,0.22158934536383598
dept_total_expenses,True,points_per_game,135,0.4698742602749286,8.950396135376195e-09,0.43406521289189987,1.4438815015679186e-07,0.22078182046891137
football_revenue,True,points_per_game,135,0.46934708078597415,9.34644288798058e-09,0.45871667304810154,2.2035390009732783e-08,0.22028668224231573
dept_total_revenue,True,points_allowed_per_game,135,-0.466836871995429,1.1474899016428202e-08,-0.4435287294623313,7.140554094434852e-08,0.21793666505447656
football_spend_per_player,True,points_per_game,135,0.4662738334993317,1.2012578454853557e-08,0.4414043089253431,8.378973832883783e-08,0.2174112878061625
football_spend_per_player,True,win_pct,135,0.4636880158743643,1.4808516326120417e-08,0.44545207694065303,6.172161915649685e-08,0.21500657606550472
recruiting_expenses_men,True,points_per_game,135,0.4633149876806092,1.526015991670631e-08,0.44957755944314576,4.501412434450742e-08,0.21466077780948303
football_revenue,True,points_allowed_per_game,135,-0.4610383138877722,1.831697471322567e-08,-0.4547677401986229,3.008041474266594e-08,0.21255632687248
dept_total_expenses,True,points_allowed_per_game,135,-0.4552681704588275,2.8923428003340266e-08,-0.4275555781359481,2.314963726062323e-07,0.20726910703292803
avg_head_coach_salary_men,True,win_pct,135,0.45413119527765955,3.1616340431518466e-08,0.4317670385731114,1.7076566437336268e-07,0.20623514252431574
football_nonoperating_spend,True,points_allowed_per_game,135,-0.44215093334322253,7.921976951511201e-08,-0.42211899937483827,3.4079961011178283e-07,0.1954974478562828
mens_coaching_payroll,True,points_allowed_per_game,135,-0.4412168393488828,8.497624196995464e-08,-0.4257409461941509,2.6359189186265766e-07,0.19467229932501784
football_expenses,True,points_allowed_per_game,135,-0.4390184789231284,1.0014605733225877e-07,-0.4242092407379029,2.9394920796735143e-07,0.19273722483597733
football_spend_per_player,True,points_allowed_per_game,135,-0.4263731797210077,2.519552645241307e-07,-0.41545315381444653,5.425625439985046e-07,0.18179408838540273
recruiting_expenses_men,True,points_allowed_per_game,135,-0.4162374685246385,5.139407838985367e-07,-0.40098487870861277,1.4390479221884427e-06,0.1732536302037994
avg_head_coach_salary_men,True,points_allowed_per_game,135,-0.3874081852612899,3.450320526744456e-06,-0.37185320678277356,8.967866467756606e-06,0.1500851020074459
head_coach_pay,True,points_allowed_per_game,52,-0.2741023458333547,0.049255709047807225,-0.30678226813893517,0.026959538892709512,0.07513209599134797
talent_composite,False,yards_per_carry,19,0.2648765216280156,0.2731183490301891,0.23803270549871353,0.3264333550883926,0.07015957170975662
football_nonoperating_spend,True,yards_per_carry,135,0.22430344621777767,0.008913638465640455,0.1999932186496575,0.020037231035205858,0.050312035985171484
football_expenses,True,yards_per_carry,135,0.21564459552038542,0.012008591757172097,0.19581499896439872,0.022840668422423178,0.046502591577150636
dept_total_revenue,True,yards_per_carry,135,0.21501125841091623,0.01226812283356096,0.19733302036873923,0.02178543706457946,0.04622984124344579
avg_head_coach_salary_men,True,yards_per_carry,135,0.2125035017172981,0.013344613570881077,0.19853132986959324,0.020982333778774075,0.045157738242113714
dept_total_expenses,True,yards_per_carry,135,0.21191025004909486,0.01361103417434273,0.18790518003920972,0.029077238273773436,0.044905954075869906
mens_coaching_payroll,True,yards_per_carry,135,0.20907019677803876,0.014951812454312739,0.18276782464349145,0.033860521551130555,0.043710347180807844
football_spend_per_player,True,yards_per_carry,135,0.20171903816466139,0.018968982452628007,0.16657478281423221,0.05349052033721751,0.04069057035807612
talent_composite,False,points_allowed_per_game,19,-0.19866438024959432,0.414875514517688,-0.30026350466213164,0.21165351126397133,0.0394675359799554
recruiting_expenses_men,True,yards_per_carry,135,0.19728667878756898,0.02181701905183579,0.15962165905062112,0.06441949641452768,0.038922033627029416
head_coach_pay,True,point_margin_per_game,52,0.19627526371863252,0.16314794409841535,0.20560668640051744,0.1436635064768711,0.03852397914781874
football_revenue,True,yards_per_carry,135,0.19100245578614108,0.02648109015130103,0.2061531640267563,0.016447269655957834,0.03648193811633678
head_coach_pay,True,win_pct,52,0.16679886345951656,0.23725886128310747,0.22018217104306298,0.11676989782716833,0.027821860851386448
avg_head_coach_salary_men,True,opponent_win_pct,135,0.11330264016868082,0.19072624648130754,0.10009259147010559,0.24806599003765203,0.012837488269193563
head_coach_pay,True,yards_per_carry,52,-0.11061277107232148,0.4350082982182478,-0.10674821875106681,0.4513201263710383,0.0122351851242978
dept_total_expenses,True,opponent_win_pct,135,0.0949863970548176,0.2731403304282172,0.07961849648587976,0.35865063186770446,0.00902241562545546
football_spend_per_player,True,opponent_win_pct,135,0.09365328112964627,0.2799593347848959,0.06774566988102763,0.43497217877663596,0.008770937066348558
football_revenue,True,opponent_win_pct,135,0.09228594739767904,0.2870712191905962,0.04754013564665453,0.5840079540052722,0.008516696087087182
dept_total_revenue,True,opponent_win_pct,135,0.09111572396740687,0.2932528227765021,0.06590969093658,0.4475495521325891,0.008302075154104683
football_expenses,True,opponent_win_pct,135,0.0898090321376981,0.3002589287551629,0.059080923506234236,0.4960803985254698,0.008065662253510091
football_nonoperating_spend,True,opponent_win_pct,135,0.08849920156788005,0.3073916842694522,0.06184221630699257,0.47612898708523677,0.007832108678152263
mens_coaching_payroll,True,opponent_win_pct,135,0.08607305229005188,0.3208940100746961,0.057789390445578924,0.5055613521356374,0.007408570330526006
head_coach_pay,True,points_per_game,52,0.060755324746824754,0.6687542014310551,0.07657484581321794,0.5895010747848193,0.0036912094850921366
recruiting_expenses_men,True,opponent_win_pct,135,0.0419600904110498,0.6289455235788741,0.048677856641485114,0.5750301810639611,0.001760649187303473
head_coach_pay,True,opponent_win_pct,52,0.02268148131583219,0.8731938154907091,0.060624225191820064,0.669427787838316,0.0005144495946804447
talent_composite,False,opponent_win_pct,19,-0.018824572033133674,0.9390291896347608,-0.005263157894736842,0.9829392613354335,0.00035436451223063846
