term,estimate,std_error,t_value,p_value
intercept,-3.8449166861001696,1.3790142975335287,-2.788163032810533,0.006143742491437032
log10(football_expenses),0.5830958754332861,0.17968456550039155,3.245108303039058,0.0015124342516284186
conf[American],0.14300729128838358,0.10998059873356157,1.3002956242748986,0.1959308515031422
conf[Big 12],0.1361701668052733,0.08198251352872413,1.660965990723906,0.09926727460582467
conf[Big Ten],0.00492868204913031,0.07889661334301087,0.062470134525323344,0.9502898461538564
conf[Conference USA],0.12423883444521946,0.14054337965282565,0.8839892334460566,0.3784266620415847
conf[FBS Independents],0.08977174685572759,0.1720236141036278,0.5218571143473866,0.6027083103988375
conf[MAC],0.19614471065897238,0.14176031441707038,1.383636255785231,0.16897577241769374
conf[Mountain West],0.1469875416883388,0.13757318934376472,1.068431591863802,0.2874182759635869
conf[Pac-12],0.04585414659385439,0.11585974531150815,0.3957728930835115,0.6929582199239163
conf[SEC],0.05171203223259543,0.08158443845493546,0.6338467630828818,0.5273577993010337
conf[Sun Belt],0.20524111565608621,0.13168255682511346,1.558605183590605,0.12165918995720897
