school,move,move_season,tier_change,seasons_before,seasons_after,point_margin_per_game_before,point_margin_per_game_after,win_pct_before,win_pct_after,money_years_after,football_revenue_before,football_revenue_after,football_expenses_before,football_expenses_after,point_margin_per_game_change,win_pct_change,football_revenue_change,football_revenue_pct_change,football_expenses_change,football_expenses_pct_change
SMU,American to ACC,2024,up,1,3,23.23076923076923,14.064102564102564,0.8461538461538461,0.7542735042735043,1,31960585.0,45315587.0,31960585.0,45315587.0,-9.166666666666666,-0.09188034188034189,13355002.0,41.78584966451647,13355002.0,41.78584966451647
Oklahoma,Big 12 to SEC,2024,lateral,1,3,20.916666666666664,7.083333333333333,0.8333333333333334,0.6111111111111112,1,124879959.0,126247146.0,65814050.0,71184826.0,-13.833333333333332,-0.2222222222222222,1367187.0,1.0948009680240207,5370776.0,8.16053107201274
Texas,Big 12 to SEC,2024,lateral,1,3,18.615384615384613,16.995726495726498,0.9230769230769232,0.8653846153846154,1,200736464.0,171892714.0,61775571.0,70405628.0,-1.6196581196581157,-0.05769230769230782,-28843750.0,-14.368963876936677,8630057.0,13.97001575266702
Army,FBS Independents to American,2024,down,1,3,-0.5833333333333321,11.384615384615385,0.5,0.6709401709401709,0,,,,,11.967948717948717,0.1709401709401709,,,,
Arizona,Pac-12 to Big 12,2024,lateral,1,3,13.500000000000004,5.555555555555556,0.75,0.611111111111111,1,37131453.0,37795880.0,37131453.0,37795880.0,-7.944444444444447,-0.13888888888888895,664427.0,1.7893913281551357,664427.0,1.7893913281551357
Arizona State,Pac-12 to Big 12,2024,lateral,1,3,-14.083333333333332,9.145299145299147,0.25,0.7264957264957265,1,40162578.0,50352139.0,40162578.0,50352139.0,23.228632478632477,0.47649572649572647,10189561.0,25.3707842160929,10189561.0,25.3707842160929
California,Pac-12 to ACC,2024,lateral,1,3,-1.083333333333332,1.583333333333332,0.5,0.5277777777777778,1,45082235.0,63954618.0,45082235.0,46721911.0,2.666666666666664,0.02777777777777779,18872383.0,41.862128175322276,1639676.0,3.637077886666444
Colorado,Pac-12 to Big 12,2024,lateral,1,3,-6.666666666666668,-0.027777777777777384,0.3333333333333333,0.5,1,64658200.0,69306235.0,38459488.0,42805019.0,6.63888888888889,0.16666666666666669,4648035.0,7.188624180691698,4345531.0,11.29898297138017
Oregon,Pac-12 to Big Ten,2024,lateral,1,3,26.846153846153847,21.91239316239316,0.8461538461538461,0.8888888888888888,1,109244128.0,119584907.0,53914776.0,60847472.0,-4.933760683760688,0.042735042735042694,10340779.0,9.465752703889036,6932696.0,12.858619685260308
Stanford,Pac-12 to ACC,2024,lateral,1,3,-17.083333333333332,-11.222222222222223,0.25,0.3611111111111111,1,33719431.0,35992019.0,33719431.0,35992019.0,5.861111111111109,0.1111111111111111,2272588.0,6.739698543548971,2272588.0,6.739698543548971
UCLA,Pac-12 to Big Ten,2024,lateral,1,3,7.666666666666668,1.3055555555555571,0.5833333333333334,0.5555555555555556,1,45783508.0,55205071.0,45783508.0,55205071.0,-6.361111111111111,-0.02777777777777779,9421563.0,20.57850831351761,9421563.0,20.57850831351761
USC,Pac-12 to Big Ten,2024,lateral,1,3,6.916666666666671,11.244444444444445,0.5833333333333334,0.6833333333333332,1,74868267.0,74014972.0,74868267.0,74014972.0,4.327777777777774,0.09999999999999987,-853295.0,-1.139728531448444,-853295.0,-1.139728531448444
Utah,Pac-12 to Big 12,2024,lateral,1,3,4.75,19.444444444444443,0.6666666666666666,0.75,1,72804610.0,95930953.0,43371848.0,41410554.0,14.694444444444443,0.08333333333333337,23126343.0,31.764943181482604,-1961294.0,-4.522043884318695
Washington,Pac-12 to Big Ten,2024,lateral,1,3,14.076923076923077,8.416666666666666,1.0,0.6388888888888888,1,127773249.0,121018946.0,75962361.0,68921774.0,-5.660256410256411,-0.36111111111111116,-6754303.0,-5.2861636162981185,-7040587.0,-9.268520497934498
Massachusetts,FBS Independents to MAC,2025,down,2,2,-13.833333333333334,-2.0,0.20833333333333331,0.5,0,12474028.0,,12474028.0,,11.833333333333334,0.2916666666666667,,,,
Louisiana Tech,Conference USA to Sun Belt,2026,lateral,3,1,0.16666666666666904,8.666666666666664,0.4166666666666667,0.3333333333333333,0,11034507.5,,11034507.5,,8.499999999999995,-0.08333333333333337,,,,
UTEP,Conference USA to Mountain West,2026,lateral,3,1,-9.500000000000002,-17.75,0.2222222222222222,0.25,0,13135866.0,,12105092.5,,-8.249999999999998,0.02777777777777779,,,,
Northern Illinois,MAC to Mountain West,2026,lateral,3,1,0.8888888888888881,-22.5,0.4444444444444445,0.0,0,11251601.5,,11226601.5,,-23.38888888888889,-0.4444444444444445,,,,
Boise State,Mountain West to Pac-12,2026,lateral,3,1,11.205128205128204,12.5,0.7435897435897436,0.75,0,41075646.5,,23114087.0,,1.2948717948717956,0.0064102564102563875,,,,
Colorado State,Mountain West to Pac-12,2026,lateral,3,1,-5.0555555555555545,6.0,0.4166666666666666,0.5,0,19601115.0,,19601115.0,,11.055555555555554,0.08333333333333343,,,,
Fresno State,Mountain West to Pac-12,2026,lateral,3,1,4.555555555555557,9.25,0.611111111111111,0.75,0,18250544.5,,18250544.5,,4.694444444444443,0.13888888888888895,,,,
San Diego State,Mountain West to Pac-12,2026,lateral,3,1,-0.8055555555555554,-5.75,0.4444444444444444,0.25,0,27520947.5,,22906666.0,,-4.944444444444445,-0.19444444444444442,,,,
Utah State,Mountain West to Pac-12,2026,lateral,3,1,-0.6944444444444441,-9.0,0.4444444444444444,0.25,0,17358202.5,,17358202.5,,-8.305555555555555,-0.19444444444444442,,,,
Texas State,Sun Belt to Pac-12,2026,lateral,3,1,6.833333333333335,2.5,0.5555555555555556,0.5,0,17956816.0,,17956816.0,,-4.333333333333335,-0.05555555555555558,,,,
