school,conference,football_expenses,actual,predicted,residual
North Dakota State,Mountain West,8353482.0,1.0,0.3381832691183724,0.6618167308816276
James Madison,Sun Belt,16863958.0,1.0,0.5743347128771075,0.42566528712289253
Fresno State,Pac-12,17708178.0,0.8,0.4273177536411601,0.37268224635883995
Pittsburgh,ACC,47141722.0,1.0,0.6294143779215173,0.37058562207848267
Duke,ACC,47363558.0,1.0,0.6306032387740443,0.36939676122595566
Indiana,Big Ten,50207544.0,1.0,0.6502986244123461,0.3497013755876539
UCLA,Big Ten,55205071.0,1.0,0.6743280026614595,0.32567199733854046
New Mexico,Mountain West,14730964.0,0.8,0.4818368839015892,0.31816311609841086
Toledo,MAC,12624282.0,0.8,0.49191235446565473,0.3080876455343453
Georgia State,Sun Belt,12260120.0,0.8,0.4935964644044426,0.30640353559555744
Massachusetts,MAC,13419026.0,0.8,0.5073727376089585,0.29262726239104153
Boise State,Pac-12,25752831.0,0.8,0.5221589386342473,0.2778410613657527
Texas Tech,Big 12,39745662.0,1.0,0.7223679813757591,0.2776320186242409
UTSA,American,17853035.0,0.8,0.5265339951039167,0.2734660048960833
Utah,Big 12,41410554.0,1.0,0.7327595112158973,0.26724048878410267
Nebraska,Big Ten,70574668.0,1.0,0.7365267644926048,0.2634732355073952
Louisiana,Sun Belt,14846554.0,0.8,0.5420697733608075,0.2579302266391925
Florida Atlantic,American,19330509.0,0.8,0.5466690148595368,0.25333098514046326
BYU,Big 12,44561032.0,1.0,0.7513277326487793,0.24867226735122072
App State,Sun Belt,13288981.0,0.75,0.5140030471317769,0.2359969528682231
Liberty,Conference USA,22964576.0,0.8,0.5715249584908411,0.22847504150915898
Virginia Tech,ACC,37803976.0,0.8,0.5735141637178214,0.22648583628217867
Memphis,American,22026675.0,0.8,0.5797338478929013,0.22026615210709877
Texas,SEC,70405628.0,1.0,0.7827028394693767,0.2172971605306233
Wake Forest,ACC,39399925.0,0.8,0.583985350668041,0.21601464933195902
Georgia,SEC,71107704.0,1.0,0.7852155624404573,0.21478443755954268
Houston,Big 12,23271364.0,0.8,0.5868169102248166,0.2131830897751834
Miami,ACC,88117956.0,1.0,0.7878176041179494,0.21218239588205057
Wisconsin,Big Ten,40903448.0,0.8,0.5983978094301001,0.20160219056989992
SMU,ACC,45315587.0,0.8,0.619409716611576,0.1805902833884241
Alabama,SEC,81502191.0,1.0,0.8197655254353005,0.18023447456469954
Mississippi State,SEC,37575575.0,0.8,0.6236915787546429,0.17630842124535717
Minnesota,Big Ten,45452693.0,0.8,0.6251034260104325,0.1748965739895676
San José State,Mountain West,11937986.0,0.6,0.42860017045940735,0.17139982954059263
Northwestern,Big Ten,37901761.0,0.75,0.5790970268271467,0.1709029731728533
UAB,American,13162064.0,0.6,0.44933906441670723,0.15066093558329274
Ohio,MAC,10812487.0,0.6,0.45268102904090535,0.14731897095909463
Iowa,Big Ten,50894414.0,0.8,0.6537395552244814,0.1462604447755187
Cincinnati,Big 12,30429185.0,0.8,0.6547292013102495,0.14527079868975057
Kentucky,SEC,43281917.0,0.8,0.6594941627524444,0.1405058372475556
Jacksonville State,Conference USA,14998859.0,0.6,0.4636520997338507,0.1363479002661493
Western Michigan,MAC,11409469.0,0.6,0.46629039020247687,0.1337096097975231
Central Michigan,MAC,11608428.0,0.6,0.4706682620016722,0.12933173799832776
Kansas State,Big 12,27087822.0,0.75,0.6252733938215447,0.12472660617845532
South Florida,American,33352743.0,0.8,0.6847975864265154,0.1152024135734846
North Texas,American,15382425.0,0.6,0.48881512636571633,0.11118487363428364
Notre Dame,FBS Independents,93255797.0,1.0,0.8919401704848733,0.10805982951512672
Missouri,SEC,49316139.0,0.8,0.6925455414319068,0.10745445856809321
LSU,SEC,50738587.0,0.8,0.6997463676511608,0.10025363234883922
Oregon State,Pac-12,23847865.0,0.6,0.5026978378087663,0.09730216219123367
Florida,SEC,51766013.0,0.8,0.7048230035595728,0.09517699644042721
Arizona,Big 12,37795880.0,0.8,0.709630092505297,0.09036990749470308
USC,Big Ten,74014972.0,0.8333333333333334,0.748579785035707,0.08475354829762638
Marshall,Sun Belt,13569649.0,0.6,0.5192957696855873,0.08070423031441265
Oklahoma State,Big 12,32830617.0,0.75,0.6739647902696411,0.07603520973035893
Florida International,Conference USA,12834881.0,0.5,0.4241961149546607,0.0758038850453393
South Alabama,Sun Belt,13932976.0,0.6,0.5259869551609762,0.07401304483902382
Baylor,Big 12,41050130.0,0.8,0.7305457854937223,0.06945421450627776
Virginia,ACC,33611796.0,0.6,0.5437495917412174,0.05625040825878258
Tennessee,SEC,61240437.0,0.8,0.7473852496708822,0.05261475032911789
Oregon,Big Ten,60847472.0,0.75,0.6989717141163343,0.0510282858836657
Troy,Sun Belt,10281345.0,0.5,0.4490218235553587,0.05097817644464131
Eastern Michigan,MAC,11079719.0,0.5,0.45886368078424544,0.04113631921575456
Delaware,Conference USA,10126804.0,0.4,0.3641842128561783,0.03581578714382172
Tulsa,American,20723869.0,0.6,0.5642945737612979,0.0357054262387021
Louisiana Tech,Sun Belt,11122188.0,0.5,0.46892889120603387,0.03107110879396613
UNLV,Mountain West,20854643.0,0.6,0.5698677962756302,0.030132203724369755
NC State,ACC,40535367.0,0.6,0.5911800040693387,0.008819995930661295
Ole Miss,SEC,61846036.0,0.75,0.7498771611050912,0.0001228388949088277
New Mexico State,Conference USA,11779202.0,0.4,0.40246064656472624,-0.002460646564726221
Missouri State,Conference USA,6558020.0,0.25,0.25415421494134405,-0.004154214941344048
Ohio State,Big Ten,92359309.0,0.8,0.8046509233955605,-0.004650923395560502
East Carolina,American,16473046.0,0.5,0.506161706727275,-0.006161706727275007
Middle Tennessee,Conference USA,13297458.0,0.4,0.43316225245093376,-0.03316225245093374
Kent State,MAC,10351311.0,0.4,0.44164288337626756,-0.04164288337626754
Wyoming,Mountain West,13091901.0,0.4,0.4519657827207868,-0.05196578272078678
Miami (OH),MAC,11017434.0,0.4,0.45743609382335526,-0.05743609382335524
Vanderbilt,SEC,44124525.0,0.6,0.6643767483563132,-0.06437674835631324
Iowa State,Big 12,32337385.0,0.6,0.6701314320216212,-0.0701314320216212
Colorado State,Pac-12,21007541.0,0.4,0.47058424954562783,-0.07058424954562781
Georgia Southern,Sun Belt,11225441.0,0.4,0.47126895982557526,-0.07126895982557524
Texas State,Pac-12,21622408.0,0.4,0.4778897633703898,-0.07788976337038978
Arkansas State,Sun Belt,11536628.0,0.4,0.47819350170261865,-0.07819350170261863
San Diego State,Pac-12,22274021.0,0.4,0.4854085321166237,-0.08540853211662369
Tulane,American,22676121.0,0.5,0.5870924139481661,-0.08709241394816614
West Virginia,Big 12,35250569.0,0.6,0.6919749232418755,-0.0919749232418755
Syracuse,ACC,42090055.0,0.5,0.6007109299772604,-0.10071092997726039
Michigan,Big Ten,61663186.0,0.6,0.7023440027446135,-0.10234400274461353
Sam Houston,Conference USA,9740021.0,0.25,0.35432259731264226,-0.10432259731264226
UConn,FBS Independents,20479873.0,0.4,0.5080598295151244,-0.10805982951512438
UCF,Big 12,38695138.0,0.6,0.7155846316568168,-0.11558463165681687
Buffalo,MAC,14098031.0,0.4,0.5198728361023943,-0.1198728361023943
Louisville,ACC,30745125.0,0.4,0.521174769074237,-0.12117476907423697
Washington,Big Ten,68921774.0,0.6,0.7305253105845901,-0.13052531058459016
Auburn,SEC,58724402.0,0.6,0.7367614305205135,-0.13676143052051348
North Carolina,ACC,49145749.0,0.5,0.6399570521190188,-0.13995705211901877
Texas A&M,SEC,60230146.0,0.6,0.7431727521421165,-0.14317275214211655
Kennesaw State,Conference USA,11495596.0,0.25,0.3962889400442502,-0.1462889400442502
Penn State,Big Ten,77386097.0,0.6,0.7598588209225827,-0.15985882092258275
Stanford,ACC,35992019.0,0.4,0.5610759885356527,-0.16107598853565264
Maryland,Big Ten,35502618.0,0.4,0.5625376817195153,-0.16253768171951533
Akron,MAC,7630898.0,0.2,0.36442949755957743,-0.16442949755957742
Clemson,ACC,81136726.0,0.6,0.7669154039419799,-0.1669154039419799
Florida State,ACC,83267924.0,0.6,0.77348121389339,-0.17348121389339
Purdue,Big Ten,37193229.0,0.4,0.5743182618764582,-0.17431826187645816
Ball State,MAC,7990057.0,0.2,0.3760763881155227,-0.17607638811552268
Western Kentucky,Conference USA,11040244.0,0.2,0.3860539626505628,-0.1860539626505628
Kansas,Big 12,34516494.0,0.5,0.6866457443771385,-0.18664574437713854
Boston College,ACC,41224780.0,0.4,0.5954507366135977,-0.1954507366135977
Nevada,Mountain West,12983551.0,0.25,0.4498612588980664,-0.19986125889806639
UTEP,Mountain West,11062136.0,0.2,0.40930431989362903,-0.20930431989362902
Southern Miss,Sun Belt,11033253.0,0.25,0.46689583718104233,-0.21689583718104233
Utah State,Pac-12,17310081.0,0.2,0.4215598109132084,-0.22155981091320837
Temple,American,26295531.0,0.4,0.6245931636265492,-0.22459316362654913
California,ACC,46721911.0,0.4,0.6271491410266523,-0.2271491410266523
Sacramento State,MAC,10126065.0,0.2,0.43607160863613226,-0.23607160863613225
Illinois,Big Ten,48001399.0,0.4,0.6389194603176431,-0.2389194603176431
Michigan State,Big Ten,48227813.0,0.4,0.6401111177490666,-0.24011111774906657
Bowling Green,MAC,10984685.0,0.2,0.45668223828281684,-0.25668223828281683
Hawai'i,Mountain West,13857022.0,0.2,0.4663491217575637,-0.2663491217575637
Arizona State,Big 12,50352139.0,0.5,0.7822683649744122,-0.2822683649744122
Oklahoma,SEC,71184826.0,0.5,0.7854900675932988,-0.28549006759329876
Washington State,Pac-12,22896016.0,0.2,0.49238311396996837,-0.29238311396996836
South Carolina,SEC,55859501.0,0.4,0.7240956836036134,-0.3240956836036134
Arkansas,SEC,57370871.0,0.4,0.730856325513288,-0.33085632551328803
Old Dominion,Sun Belt,14787371.0,0.2,0.5410582808949429,-0.3410582808949429
Colorado,Big 12,42805019.0,0.4,0.7411465602598031,-0.34114656025980306
Rice,American,19591289.0,0.2,0.5500624703858077,-0.3500624703858077
Georgia Tech,ACC,42709508.0,0.25,0.604410717196671,-0.35441071719667105
Coastal Carolina,Sun Belt,17052582.0,0.2,0.5771514360263503,-0.3771514360263503
UL Monroe,Sun Belt,7772886.0,0.0,0.37819454698736577,-0.37819454698736577
TCU,Big 12,59568339.0,0.4,0.8248329446026061,-0.4248329446026061
Northern Illinois,Mountain West,13199127.0,0.0,0.45403139697494366,-0.45403139697494366
Charlotte,American,15571390.0,0.0,0.49190703648559575,-0.49190703648559575
Rutgers,Big Ten,75922954.0,0.2,0.7550250458126637,-0.5550250458126638
