season,week,teams,r_margin,richer_win_conf,richer_win_nonconf,conf_games,nonconf_games,conf_share
2023,1,130,0.4559971206001644,0.2857142857142857,0.7674418604651163,7,43,0.14
2023,2,130,0.5660614111319135,0.4,0.6842105263157895,10,85,0.10526315789473684
2023,3,130,0.6301372390582012,0.5882352941176471,0.6782945736434108,17,129,0.11643835616438356
2023,4,130,0.6075479756504677,0.6078431372549019,0.707395498392283,51,155,0.24757281553398058
2023,5,130,0.5708172230356059,0.6548223350253807,0.6996904024767802,98,161,0.3783783783783784
2023,6,130,0.5468565179887293,0.6725978647686833,0.7027027027027027,140,166,0.45751633986928103
2023,7,130,0.5243130251188945,0.6684210526315789,0.7002967359050445,190,168,0.5307262569832403
2023,8,130,0.4931867705412787,0.6715176715176715,0.7020648967551623,240,169,0.58679706601467
2023,9,130,0.4772664920847631,0.6724137931034483,0.7055393586005831,290,171,0.6290672451193059
2023,10,130,0.4633436862388023,0.6551226551226551,0.7048710601719198,346,174,0.6653846153846154
2023,11,130,0.43959549025323663,0.646551724137931,0.7025495750708215,406,176,0.697594501718213
2023,12,130,0.4343496208136015,0.6365614798694232,0.7084468664850136,459,183,0.7149532710280374
2023,13,130,0.4189787834326286,0.6356589147286822,0.7176781002638523,516,189,0.7319148936170212
2023,14,130,0.42104247001270856,0.6393910561370124,0.7176781002638523,525,189,0.7352941176470589
2023,15,130,0.42104247001270856,0.6393910561370124,0.7176781002638523,525,189,0.7352941176470589
2024,1,130,0.3893041577559706,0.0,0.8918918918918919,2,37,0.05128205128205128
2024,2,131,0.5428566157220871,0.5,0.8051948051948052,8,77,0.09411764705882353
2024,3,131,0.5901432730609583,0.4375,0.8,16,120,0.11764705882352941
2024,4,131,0.6394178666258115,0.5641025641025641,0.7986577181208053,39,149,0.2074468085106383
2024,5,131,0.6148291779207364,0.6164383561643836,0.7926829268292683,73,164,0.3080168776371308
2024,6,131,0.5874689061290322,0.6173913043478261,0.7869822485207101,115,169,0.40492957746478875
2024,7,131,0.5609747303718341,0.5962732919254659,0.7861271676300579,161,173,0.4820359281437126
2024,8,131,0.546181571978814,0.5754716981132075,0.7865168539325843,212,178,0.5435897435897435
2024,9,131,0.5320589802794844,0.5946969696969697,0.7900552486187845,264,181,0.5932584269662922
2024,10,131,0.5170857065728276,0.5811688311688312,0.7923497267759563,308,183,0.6272912423625254
2024,11,131,0.4839901238071588,0.5982905982905983,0.7914438502673797,351,187,0.6524163568773235
2024,12,131,0.4895465372537152,0.6146095717884131,0.7916666666666666,397,192,0.6740237691001698
2024,13,131,0.5030982900608788,0.609271523178808,0.7959183673469388,453,196,0.6979969183359014
2024,14,131,0.47591307717142906,0.6055226824457594,0.7815533980582524,507,206,0.7110799438990182
2024,15,131,0.4809442064127152,0.6058252427184466,0.7815533980582524,515,206,0.7142857142857143
2024,16,131,0.4809442064127152,0.6058252427184466,0.7815533980582524,515,206,0.7142857142857143
2025,1,133,0.38638378878807955,1.0,0.8260869565217391,2,46,0.041666666666666664
2025,2,133,0.6370886860067211,0.8,0.8131868131868132,5,91,0.052083333333333336
2025,3,133,0.6504643819483793,0.5789473684210527,0.7704918032786885,19,122,0.1347517730496454
2025,4,133,0.6326031790022391,0.5135135135135135,0.743421052631579,37,152,0.19576719576719576
2025,5,133,0.6147139271036162,0.5416666666666666,0.7454545454545455,72,165,0.3037974683544304
2025,6,133,0.601067732290013,0.6,0.7470588235294118,115,170,0.40350877192982454
2025,7,133,0.5853996109329422,0.6060606060606061,0.7514450867052023,165,173,0.4881656804733728
2025,8,133,0.5420912168565332,0.5981735159817352,0.75,219,176,0.5544303797468354
2025,9,133,0.5060292262851407,0.5799256505576208,0.7471910112359551,269,178,0.6017897091722595
2025,10,133,0.4864571642136234,0.583596214511041,0.75,317,180,0.6378269617706237
2025,11,133,0.4740246860963396,0.5730027548209367,0.7417582417582418,363,182,0.6660550458715596
2025,12,133,0.46083251779474993,0.5879518072289157,0.7419354838709677,415,186,0.6905158069883528
2025,13,133,0.4624678936672506,0.5901287553648069,0.7461139896373057,466,193,0.7071320182094082
2025,14,133,0.431337914505855,0.5885714285714285,0.7424242424242424,525,198,0.7261410788381742
2025,15,133,0.4339992239830733,0.5880149812734082,0.7424242424242424,534,198,0.7295081967213115
2025,16,133,0.4339992239830733,0.5880149812734082,0.7424242424242424,534,198,0.7295081967213115
2026,1,135,0.4002552713249228,0.6,0.8260869565217391,5,46,0.09803921568627451
2026,2,135,0.46037435504099344,0.75,0.7752808988764045,8,89,0.08247422680412371
2026,3,135,0.5699796430428776,0.6818181818181818,0.7803030303030303,22,132,0.14285714285714285
2026,4,135,0.5983553364066063,0.5882352941176471,0.7784810126582279,51,158,0.24401913875598086
2026,5,135,0.5378956481719854,0.5643564356435643,0.7777777777777778,101,162,0.3840304182509506
